Date,HOUR_BIN,passenger_count
2018-01-01,0,11484.0
2018-01-01,4,4268.0
2018-01-01,8,2275.0
2018-01-01,12,4275.0
2018-01-01,16,5761.0
2018-01-01,20,3695.0
2018-01-02,0,1244.0
2018-01-02,4,1992.0
2018-01-02,8,6779.0
2018-01-02,12,6420.0
2018-01-02,16,9527.0
2018-01-02,20,5211.0
2018-01-03,0,1336.0
2018-01-03,4,2064.0
2018-01-03,8,7445.0
2018-01-03,12,7207.0
2018-01-03,16,10162.0
2018-01-03,20,6884.0
2018-01-04,0,1841.0
2018-01-04,4,1113.0
2018-01-04,8,1694.0
2018-01-04,12,947.0
2018-01-04,16,1582.0
2018-01-04,20,1351.0
2018-01-05,0,576.0
2018-01-05,4,1659.0
2018-01-05,8,6569.0
2018-01-05,12,7234.0
2018-01-05,16,11705.0
2018-01-05,20,8958.0
2018-01-06,0,4073.0
2018-01-06,4,1652.0
2018-01-06,8,4738.0
2018-01-06,12,7976.0
2018-01-06,16,10271.0
2018-01-06,20,8227.0
2018-01-07,0,4771.0
2018-01-07,4,1723.0
2018-01-07,8,4071.0
2018-01-07,12,7433.0
2018-01-07,16,7779.0
2018-01-07,20,4546.0
2018-01-08,0,1416.0
2018-01-08,4,2260.0
2018-01-08,8,7151.0
2018-01-08,12,7325.0
2018-01-08,16,9522.0
2018-01-08,20,5907.0
2018-01-09,0,1974.0
2018-01-09,4,2287.0
2018-01-09,8,7172.0
2018-01-09,12,6955.0
2018-01-09,16,9518.0
2018-01-09,20,6835.0
2018-01-10,0,2040.0
2018-01-10,4,2158.0
2018-01-10,8,7398.0
2018-01-10,12,6762.0
2018-01-10,16,9428.0
2018-01-10,20,6696.0
2018-01-11,0,1858.0
2018-01-11,4,2265.0
2018-01-11,8,7607.0
2018-01-11,12,6770.0
2018-01-11,16,9803.0
2018-01-11,20,6961.0
2018-01-12,0,2382.0
2018-01-12,4,2310.0
2018-01-12,8,7264.0
2018-01-12,12,7622.0
2018-01-12,16,11325.0
2018-01-12,20,9379.0
2018-01-13,0,5508.0
2018-01-13,4,2047.0
2018-01-13,8,5412.0
2018-01-13,12,7851.0
2018-01-13,16,10994.0
2018-01-13,20,9867.0
2018-01-14,0,6701.0
2018-01-14,4,2214.0
2018-01-14,8,4362.0
2018-01-14,12,7346.0
2018-01-14,16,8565.0
2018-01-14,20,6222.0
2018-01-15,0,2469.0
2018-01-15,4,1558.0
2018-01-15,8,4330.0
2018-01-15,12,5888.0
2018-01-15,16,7601.0
2018-01-15,20,4694.0
2018-01-16,0,1307.0
2018-01-16,4,2235.0
2018-01-16,8,7295.0
2018-01-16,12,6910.0
2018-01-16,16,9596.0
2018-01-16,20,5806.0
2018-01-17,0,1397.0
2018-01-17,4,2067.0
2018-01-17,8,7125.0
2018-01-17,12,6492.0
2018-01-17,16,9842.0
2018-01-17,20,6722.0
2018-01-18,0,1849.0
2018-01-18,4,2367.0
2018-01-18,8,7487.0
2018-01-18,12,6963.0
2018-01-18,16,10746.0
2018-01-18,20,7472.0
2018-01-19,0,2525.0
2018-01-19,4,2377.0
2018-01-19,8,7435.0
2018-01-19,12,6880.0
2018-01-19,16,11359.0
2018-01-19,20,9426.0
2018-01-20,0,5982.0
2018-01-20,4,2085.0
2018-01-20,8,5309.0
2018-01-20,12,8230.0
2018-01-20,16,10283.0
2018-01-20,20,9178.0
2018-01-21,0,6973.0
2018-01-21,4,2196.0
2018-01-21,8,4249.0
2018-01-21,12,6919.0
2018-01-21,16,7473.0
2018-01-21,20,4900.0
2018-01-22,0,1673.0
2018-01-22,4,2332.0
2018-01-22,8,6833.0
2018-01-22,12,6660.0
2018-01-22,16,8937.0
2018-01-22,20,5227.0
2018-01-23,0,1454.0
2018-01-23,4,2193.0
2018-01-23,8,7402.0
2018-01-23,12,6144.0
2018-01-23,16,9161.0
2018-01-23,20,5772.0
2018-01-24,0,1454.0
2018-01-24,4,2273.0
2018-01-24,8,7635.0
2018-01-24,12,7171.0
2018-01-24,16,10425.0
2018-01-24,20,7225.0
2018-01-25,0,1905.0
2018-01-25,4,2288.0
2018-01-25,8,7440.0
2018-01-25,12,7064.0
2018-01-25,16,10545.0
2018-01-25,20,7517.0
2018-01-26,0,2409.0
2018-01-26,4,2430.0
2018-01-26,8,7332.0
2018-01-26,12,6920.0
2018-01-26,16,11816.0
2018-01-26,20,10023.0
2018-01-27,0,6175.0
2018-01-27,4,2405.0
2018-01-27,8,5690.0
2018-01-27,12,7955.0
2018-01-27,16,10091.0
2018-01-27,20,9119.0
2018-01-28,0,7332.0
2018-01-28,4,2411.0
2018-01-28,8,4654.0
2018-01-28,12,6809.0
2018-01-28,16,7201.0
2018-01-28,20,4731.0
2018-01-29,0,1520.0
2018-01-29,4,2294.0
2018-01-29,8,7217.0
2018-01-29,12,6766.0
2018-01-29,16,8811.0
2018-01-29,20,5360.0
2018-01-30,0,1524.0
2018-01-30,4,2139.0
2018-01-30,8,7013.0
2018-01-30,12,6891.0
2018-01-30,16,10073.0
2018-01-30,20,6638.0
2018-01-31,0,1605.0
2018-01-31,4,2306.0
2018-01-31,8,7523.0
2018-01-31,12,7008.0
2018-01-31,16,10032.0
2018-01-31,20,6798.0
2018-02-01,0,1990.0
2018-02-01,4,2391.0
2018-02-01,8,7900.0
2018-02-01,12,7559.0
2018-02-01,16,10295.0
2018-02-01,20,7081.0
2018-02-02,0,2402.0
2018-02-02,4,2556.0
2018-02-02,8,8207.0
2018-02-02,12,7634.0
2018-02-02,16,13098.0
2018-02-02,20,11245.0
2018-02-03,0,5817.0
2018-02-03,4,2159.0
2018-02-03,8,5779.0
2018-02-03,12,8416.0
2018-02-03,16,10673.0
2018-02-03,20,9356.0
2018-02-04,0,6282.0
2018-02-04,4,2244.0
2018-02-04,8,4370.0
2018-02-04,12,7080.0
2018-02-04,16,8550.0
2018-02-04,20,5433.0
2018-02-05,0,1824.0
2018-02-05,4,2512.0
2018-02-05,8,7530.0
2018-02-05,12,6775.0
2018-02-05,16,9355.0
2018-02-05,20,5598.0
2018-02-06,0,1446.0
2018-02-06,4,2221.0
2018-02-06,8,7412.0
2018-02-06,12,6946.0
2018-02-06,16,9695.0
2018-02-06,20,6396.0
2018-02-07,0,1644.0
2018-02-07,4,2348.0
2018-02-07,8,7376.0
2018-02-07,12,7580.0
2018-02-07,16,10428.0
2018-02-07,20,6476.0
2018-02-08,0,1728.0
2018-02-08,4,2462.0
2018-02-08,8,7567.0
2018-02-08,12,7320.0
2018-02-08,16,10700.0
2018-02-08,20,7961.0
2018-02-09,0,2636.0
2018-02-09,4,2643.0
2018-02-09,8,7447.0
2018-02-09,12,7131.0
2018-02-09,16,11888.0
2018-02-09,20,9559.0
2018-02-10,0,5718.0
2018-02-10,4,2074.0
2018-02-10,8,5539.0
2018-02-10,12,8898.0
2018-02-10,16,10016.0
2018-02-10,20,8957.0
2018-02-11,0,6139.0
2018-02-11,4,2295.0
2018-02-11,8,4740.0
2018-02-11,12,7040.0
2018-02-11,16,7064.0
2018-02-11,20,4458.0
2018-02-12,0,1497.0
2018-02-12,4,2541.0
2018-02-12,8,7555.0
2018-02-12,12,6502.0
2018-02-12,16,8996.0
2018-02-12,20,5953.0
2018-02-13,0,1509.0
2018-02-13,4,2400.0
2018-02-13,8,7369.0
2018-02-13,12,7538.0
2018-02-13,16,8350.0
2018-02-13,20,6980.0
2018-02-14,0,1740.0
2018-02-14,4,2475.0
2018-02-14,8,7722.0
2018-02-14,12,7456.0
2018-02-14,16,10975.0
2018-02-14,20,8623.0
2018-02-15,0,2676.0
2018-02-15,4,2567.0
2018-02-15,8,7407.0
2018-02-15,12,6743.0
2018-02-15,16,9931.0
2018-02-15,20,8052.0
2018-02-16,0,2462.0
2018-02-16,4,2329.0
2018-02-16,8,6977.0
2018-02-16,12,7337.0
2018-02-16,16,11843.0
2018-02-16,20,10094.0
2018-02-17,0,6355.0
2018-02-17,4,2246.0
2018-02-17,8,5711.0
2018-02-17,12,8597.0
2018-02-17,16,10611.0
2018-02-17,20,8042.0
2018-02-18,0,5022.0
2018-02-18,4,1777.0
2018-02-18,8,4254.0
2018-02-18,12,6750.0
2018-02-18,16,8215.0
2018-02-18,20,6075.0
2018-02-19,0,2852.0
2018-02-19,4,2015.0
2018-02-19,8,5364.0
2018-02-19,12,6767.0
2018-02-19,16,8682.0
2018-02-19,20,5316.0
2018-02-20,0,1429.0
2018-02-20,4,2045.0
2018-02-20,8,7273.0
2018-02-20,12,6230.0
2018-02-20,16,8411.0
2018-02-20,20,5546.0
2018-02-21,0,1571.0
2018-02-21,4,2023.0
2018-02-21,8,7263.0
2018-02-21,12,6805.0
2018-02-21,16,9399.0
2018-02-21,20,7274.0
2018-02-22,0,2075.0
2018-02-22,4,2187.0
2018-02-22,8,7450.0
2018-02-22,12,7829.0
2018-02-22,16,11181.0
2018-02-22,20,7668.0
2018-02-23,0,2563.0
2018-02-23,4,2292.0
2018-02-23,8,7529.0
2018-02-23,12,7357.0
2018-02-23,16,11934.0
2018-02-23,20,9715.0
2018-02-24,0,6069.0
2018-02-24,4,2449.0
2018-02-24,8,5563.0
2018-02-24,12,9063.0
2018-02-24,16,10127.0
2018-02-24,20,9780.0
2018-02-25,0,7020.0
2018-02-25,4,2523.0
2018-02-25,8,4936.0
2018-02-25,12,7347.0
2018-02-25,16,7855.0
2018-02-25,20,5320.0
2018-02-26,0,1527.0
2018-02-26,4,2694.0
2018-02-26,8,7213.0
2018-02-26,12,6727.0
2018-02-26,16,9093.0
2018-02-26,20,5493.0
2018-02-27,0,1476.0
2018-02-27,4,2528.0
2018-02-27,8,7129.0
2018-02-27,12,6561.0
2018-02-27,16,9681.0
2018-02-27,20,6545.0
2018-02-28,0,1610.0
2018-02-28,4,2372.0
2018-02-28,8,7977.0
2018-02-28,12,7142.0
2018-02-28,16,10212.0
2018-02-28,20,7200.0
2018-03-01,0,1871.0
2018-03-01,4,2622.0
2018-03-01,8,7816.0
2018-03-01,12,7518.0
2018-03-01,16,10710.0
2018-03-01,20,9254.0
2018-03-02,0,2398.0
2018-03-02,4,2636.0
2018-03-02,8,7998.0
2018-03-02,12,7787.0
2018-03-02,16,11583.0
2018-03-02,20,7925.0
2018-03-03,0,4850.0
2018-03-03,4,2043.0
2018-03-03,8,6106.0
2018-03-03,12,8824.0
2018-03-03,16,10701.0
2018-03-03,20,10070.0
2018-03-04,0,6818.0
2018-03-04,4,2307.0
2018-03-04,8,4917.0
2018-03-04,12,7377.0
2018-03-04,16,8333.0
2018-03-04,20,5347.0
2018-03-05,0,1797.0
2018-03-05,4,2979.0
2018-03-05,8,7419.0
2018-03-05,12,4681.0
2018-03-05,16,9215.0
2018-03-05,20,5872.0
2018-03-06,0,1460.0
2018-03-06,4,2440.0
2018-03-06,8,7833.0
2018-03-06,12,7330.0
2018-03-06,16,10523.0
2018-03-06,20,7180.0
2018-03-07,0,1637.0
2018-03-07,4,2240.0
2018-03-07,8,6736.0
2018-03-07,12,5780.0
2018-03-07,16,5728.0
2018-03-07,20,3015.0
2018-03-08,0,958.0
2018-03-08,4,2325.0
2018-03-08,8,7050.0
2018-03-08,12,7182.0
2018-03-08,16,10841.0
2018-03-08,20,7717.0
2018-03-09,0,2813.0
2018-03-09,4,2673.0
2018-03-09,8,7901.0
2018-03-09,12,7403.0
2018-03-09,16,11822.0
2018-03-09,20,10203.0
2018-03-10,0,6315.0
2018-03-10,4,2377.0
2018-03-10,8,6212.0
2018-03-10,12,8953.0
2018-03-10,16,11046.0
2018-03-10,20,9909.0
2018-03-11,0,5714.0
2018-03-11,4,3085.0
2018-03-11,8,4397.0
2018-03-11,12,7020.0
2018-03-11,16,7768.0
2018-03-11,20,5973.0
2018-03-12,0,1742.0
2018-03-12,4,2464.0
2018-03-12,8,7691.0
2018-03-12,12,6640.0
2018-03-12,16,9183.0
2018-03-12,20,5908.0
2018-03-13,0,1546.0
2018-03-13,4,2146.0
2018-03-13,8,6653.0
2018-03-13,12,6618.0
2018-03-13,16,8935.0
2018-03-13,20,6192.0
2018-03-14,0,1640.0
2018-03-14,4,2402.0
2018-03-14,8,7923.0
2018-03-14,12,7255.0
2018-03-14,16,10271.0
2018-03-14,20,7578.0
2018-03-15,0,2024.0
2018-03-15,4,2506.0
2018-03-15,8,8032.0
2018-03-15,12,7299.0
2018-03-15,16,11439.0
2018-03-15,20,8481.0
2018-03-16,0,2847.0
2018-03-16,4,2590.0
2018-03-16,8,7866.0
2018-03-16,12,7200.0
2018-03-16,16,11596.0
2018-03-16,20,10287.0
2018-03-17,0,5909.0
2018-03-17,4,2200.0
2018-03-17,8,5767.0
2018-03-17,12,8259.0
2018-03-17,16,10093.0
2018-03-17,20,9924.0
2018-03-18,0,6943.0
2018-03-18,4,2787.0
2018-03-18,8,4602.0
2018-03-18,12,7169.0
2018-03-18,16,8068.0
2018-03-18,20,5371.0
2018-03-19,0,1579.0
2018-03-19,4,2368.0
2018-03-19,8,7445.0
2018-03-19,12,6440.0
2018-03-19,16,8499.0
2018-03-19,20,5622.0
2018-03-20,0,1559.0
2018-03-20,4,2626.0
2018-03-20,8,8045.0
2018-03-20,12,7389.0
2018-03-20,16,9701.0
2018-03-20,20,6461.0
2018-03-21,0,1577.0
2018-03-21,4,1594.0
2018-03-21,8,3737.0
2018-03-21,12,3173.0
2018-03-21,16,3371.0
2018-03-21,20,2065.0
2018-03-22,0,665.0
2018-03-22,4,1914.0
2018-03-22,8,6910.0
2018-03-22,12,6472.0
2018-03-22,16,9939.0
2018-03-22,20,7661.0
2018-03-23,0,2677.0
2018-03-23,4,2482.0
2018-03-23,8,7586.0
2018-03-23,12,6938.0
2018-03-23,16,11208.0
2018-03-23,20,9782.0
2018-03-24,0,5873.0
2018-03-24,4,2439.0
2018-03-24,8,6102.0
2018-03-24,12,8003.0
2018-03-24,16,9969.0
2018-03-24,20,10103.0
2018-03-25,0,6562.0
2018-03-25,4,2398.0
2018-03-25,8,4876.0
2018-03-25,12,7274.0
2018-03-25,16,7626.0
2018-03-25,20,5379.0
2018-03-26,0,1418.0
2018-03-26,4,2369.0
2018-03-26,8,7031.0
2018-03-26,12,6503.0
2018-03-26,16,8816.0
2018-03-26,20,5840.0
2018-03-27,0,1397.0
2018-03-27,4,2316.0
2018-03-27,8,7436.0
2018-03-27,12,6633.0
2018-03-27,16,9351.0
2018-03-27,20,6348.0
2018-03-28,0,1719.0
2018-03-28,4,2281.0
2018-03-28,8,7361.0
2018-03-28,12,6797.0
2018-03-28,16,9763.0
2018-03-28,20,6566.0
2018-03-29,0,1989.0
2018-03-29,4,2326.0
2018-03-29,8,7880.0
2018-03-29,12,7387.0
2018-03-29,16,10635.0
2018-03-29,20,7641.0
2018-03-30,0,2731.0
2018-03-30,4,1963.0
2018-03-30,8,6526.0
2018-03-30,12,6753.0
2018-03-30,16,11322.0
2018-03-30,20,9015.0
2018-03-31,0,5547.0
2018-03-31,4,2114.0
2018-03-31,8,5191.0
2018-03-31,12,8015.0
2018-03-31,16,10405.0
2018-03-31,20,10023.0
2018-04-01,0,5878.0
2018-04-01,4,2379.0
2018-04-01,8,4738.0
2018-04-01,12,7190.0
2018-04-01,16,7812.0
2018-04-01,20,6360.0
2018-04-02,0,1621.0
2018-04-02,4,1644.0
2018-04-02,8,5014.0
2018-04-02,12,5752.0
2018-04-02,16,7908.0
2018-04-02,20,5012.0
2018-04-03,0,1286.0
2018-04-03,4,1963.0
2018-04-03,8,7073.0
2018-04-03,12,7505.0
2018-04-03,16,9731.0
2018-04-03,20,5952.0
2018-04-04,0,1457.0
2018-04-04,4,2033.0
2018-04-04,8,7093.0
2018-04-04,12,6966.0
2018-04-04,16,9563.0
2018-04-04,20,7149.0
2018-04-05,0,2025.0
2018-04-05,4,2153.0
2018-04-05,8,7657.0
2018-04-05,12,7426.0
2018-04-05,16,10427.0
2018-04-05,20,7886.0
2018-04-06,0,2563.0
2018-04-06,4,2088.0
2018-04-06,8,7468.0
2018-04-06,12,6559.0
2018-04-06,16,10681.0
2018-04-06,20,9183.0
2018-04-07,0,6023.0
2018-04-07,4,2192.0
2018-04-07,8,5483.0
2018-04-07,12,7916.0
2018-04-07,16,9764.0
2018-04-07,20,9619.0
2018-04-08,0,6820.0
2018-04-08,4,2323.0
2018-04-08,8,4609.0
2018-04-08,12,7280.0
2018-04-08,16,7961.0
2018-04-08,20,5750.0
2018-04-09,0,1601.0
2018-04-09,4,2576.0
2018-04-09,8,7286.0
2018-04-09,12,6563.0
2018-04-09,16,9195.0
2018-04-09,20,5537.0
2018-04-10,0,1459.0
2018-04-10,4,2441.0
2018-04-10,8,7629.0
2018-04-10,12,6863.0
2018-04-10,16,9047.0
2018-04-10,20,6094.0
2018-04-11,0,1373.0
2018-04-11,4,2351.0
2018-04-11,8,7339.0
2018-04-11,12,7066.0
2018-04-11,16,9525.0
2018-04-11,20,6910.0
2018-04-12,0,1806.0
2018-04-12,4,2459.0
2018-04-12,8,7773.0
2018-04-12,12,7293.0
2018-04-12,16,9585.0
2018-04-12,20,7077.0
2018-04-13,0,2110.0
2018-04-13,4,2554.0
2018-04-13,8,7410.0
2018-04-13,12,6818.0
2018-04-13,16,10735.0
2018-04-13,20,9915.0
2018-04-14,0,6097.0
2018-04-14,4,2248.0
2018-04-14,8,5769.0
2018-04-14,12,8514.0
2018-04-14,16,10604.0
2018-04-14,20,10936.0
2018-04-15,0,6923.0
2018-04-15,4,2156.0
2018-04-15,8,4652.0
2018-04-15,12,7515.0
2018-04-15,16,8734.0
2018-04-15,20,5282.0
2018-04-16,0,1291.0
2018-04-16,4,2541.0
2018-04-16,8,7079.0
2018-04-16,12,6104.0
2018-04-16,16,8572.0
2018-04-16,20,5661.0
2018-04-17,0,1397.0
2018-04-17,4,2480.0
2018-04-17,8,7785.0
2018-04-17,12,7467.0
2018-04-17,16,9770.0
2018-04-17,20,6586.0
2018-04-18,0,1672.0
2018-04-18,4,2497.0
2018-04-18,8,7722.0
2018-04-18,12,6900.0
2018-04-18,16,9115.0
2018-04-18,20,6616.0
2018-04-19,0,1983.0
2018-04-19,4,2428.0
2018-04-19,8,7799.0
2018-04-19,12,7786.0
2018-04-19,16,10521.0
2018-04-19,20,7840.0
2018-04-20,0,2440.0
2018-04-20,4,2414.0
2018-04-20,8,7484.0
2018-04-20,12,7164.0
2018-04-20,16,11426.0
2018-04-20,20,9899.0
2018-04-21,0,5642.0
2018-04-21,4,2229.0
2018-04-21,8,5860.0
2018-04-21,12,7987.0
2018-04-21,16,9658.0
2018-04-21,20,9187.0
2018-04-22,0,6291.0
2018-04-22,4,2075.0
2018-04-22,8,4599.0
2018-04-22,12,6887.0
2018-04-22,16,7724.0
2018-04-22,20,5619.0
2018-04-23,0,1571.0
2018-04-23,4,2560.0
2018-04-23,8,7010.0
2018-04-23,12,6530.0
2018-04-23,16,8502.0
2018-04-23,20,5398.0
2018-04-24,0,1479.0
2018-04-24,4,2453.0
2018-04-24,8,7059.0
2018-04-24,12,6905.0
2018-04-24,16,9125.0
2018-04-24,20,6340.0
2018-04-25,0,1610.0
2018-04-25,4,2399.0
2018-04-25,8,7197.0
2018-04-25,12,7162.0
2018-04-25,16,9421.0
2018-04-25,20,6140.0
2018-04-26,0,1873.0
2018-04-26,4,2377.0
2018-04-26,8,7383.0
2018-04-26,12,7197.0
2018-04-26,16,9626.0
2018-04-26,20,7338.0
2018-04-27,0,2725.0
2018-04-27,4,2487.0
2018-04-27,8,7959.0
2018-04-27,12,6847.0
2018-04-27,16,10634.0
2018-04-27,20,8846.0
2018-04-28,0,5326.0
2018-04-28,4,2094.0
2018-04-28,8,5711.0
2018-04-28,12,8121.0
2018-04-28,16,10175.0
2018-04-28,20,10268.0
2018-04-29,0,6446.0
2018-04-29,4,2084.0
2018-04-29,8,4793.0
2018-04-29,12,7371.0
2018-04-29,16,8279.0
2018-04-29,20,5817.0
2018-04-30,0,1767.0
2018-04-30,4,2549.0
2018-04-30,8,7504.0
2018-04-30,12,7158.0
2018-04-30,16,9450.0
2018-04-30,20,4869.0
2018-05-01,0,1316.0
2018-05-01,4,2466.0
2018-05-01,8,7428.0
2018-05-01,12,7045.0
2018-05-01,16,8942.0
2018-05-01,20,6262.0
2018-05-02,0,1531.0
2018-05-02,4,2241.0
2018-05-02,8,7212.0
2018-05-02,12,6961.0
2018-05-02,16,9225.0
2018-05-02,20,6563.0
2018-05-03,0,1948.0
2018-05-03,4,2595.0
2018-05-03,8,7608.0
2018-05-03,12,7672.0
2018-05-03,16,10439.0
2018-05-03,20,7296.0
2018-05-04,0,2342.0
2018-05-04,4,2502.0
2018-05-04,8,7616.0
2018-05-04,12,7151.0
2018-05-04,16,10704.0
2018-05-04,20,9428.0
2018-05-05,0,5524.0
2018-05-05,4,2257.0
2018-05-05,8,5973.0
2018-05-05,12,8342.0
2018-05-05,16,10322.0
2018-05-05,20,9760.0
2018-05-06,0,6541.0
2018-05-06,4,2285.0
2018-05-06,8,4311.0
2018-05-06,12,6657.0
2018-05-06,16,7661.0
2018-05-06,20,4979.0
2018-05-07,0,1363.0
2018-05-07,4,2386.0
2018-05-07,8,7193.0
2018-05-07,12,6595.0
2018-05-07,16,8452.0
2018-05-07,20,5394.0
2018-05-08,0,1544.0
2018-05-08,4,2514.0
2018-05-08,8,7161.0
2018-05-08,12,7035.0
2018-05-08,16,8619.0
2018-05-08,20,6259.0
2018-05-09,0,1599.0
2018-05-09,4,2403.0
2018-05-09,8,7273.0
2018-05-09,12,6872.0
2018-05-09,16,9357.0
2018-05-09,20,6914.0
2018-05-10,0,2023.0
2018-05-10,4,2546.0
2018-05-10,8,7288.0
2018-05-10,12,7496.0
2018-05-10,16,9448.0
2018-05-10,20,7784.0
2018-05-11,0,2541.0
2018-05-11,4,2410.0
2018-05-11,8,7221.0
2018-05-11,12,6857.0
2018-05-11,16,10274.0
2018-05-11,20,9423.0
2018-05-12,0,5826.0
2018-05-12,4,2297.0
2018-05-12,8,5985.0
2018-05-12,12,7896.0
2018-05-12,16,9938.0
2018-05-12,20,8563.0
2018-05-13,0,5404.0
2018-05-13,4,1965.0
2018-05-13,8,5148.0
2018-05-13,12,8129.0
2018-05-13,16,8376.0
2018-05-13,20,6139.0
2018-05-14,0,1533.0
2018-05-14,4,2525.0
2018-05-14,8,7181.0
2018-05-14,12,6482.0
2018-05-14,16,8273.0
2018-05-14,20,5577.0
2018-05-15,0,1283.0
2018-05-15,4,2431.0
2018-05-15,8,7301.0
2018-05-15,12,7236.0
2018-05-15,16,9701.0
2018-05-15,20,5796.0
2018-05-16,0,1711.0
2018-05-16,4,2452.0
2018-05-16,8,7770.0
2018-05-16,12,7812.0
2018-05-16,16,10137.0
2018-05-16,20,5855.0
2018-05-17,0,1522.0
2018-05-17,4,2455.0
2018-05-17,8,7480.0
2018-05-17,12,7841.0
2018-05-17,16,9742.0
2018-05-17,20,5661.0
2018-05-18,0,2286.0
2018-05-18,4,2602.0
2018-05-18,8,7425.0
2018-05-18,12,7285.0
2018-05-18,16,10456.0
2018-05-18,20,7583.0
2018-05-19,0,5064.0
2018-05-19,4,2016.0
2018-05-19,8,6099.0
2018-05-19,12,8977.0
2018-05-19,16,9155.0
2018-05-19,20,6571.0
2018-05-20,0,4800.0
2018-05-20,4,1618.0
2018-05-20,8,4963.0
2018-05-20,12,7941.0
2018-05-20,16,8052.0
2018-05-20,20,4418.0
2018-05-21,0,1718.0
2018-05-21,4,2357.0
2018-05-21,8,7031.0
2018-05-21,12,6874.0
2018-05-21,16,8365.0
2018-05-21,20,4715.0
2018-05-22,0,1524.0
2018-05-22,4,2468.0
2018-05-22,8,7742.0
2018-05-22,12,7842.0
2018-05-22,16,9275.0
2018-05-22,20,4707.0
2018-05-23,0,1371.0
2018-05-23,4,2320.0
2018-05-23,8,7241.0
2018-05-23,12,7517.0
2018-05-23,16,9054.0
2018-05-23,20,5554.0
2018-05-24,0,1856.0
2018-05-24,4,2441.0
2018-05-24,8,7564.0
2018-05-24,12,7663.0
2018-05-24,16,9519.0
2018-05-24,20,5950.0
2018-05-25,0,2601.0
2018-05-25,4,2439.0
2018-05-25,8,6938.0
2018-05-25,12,7571.0
2018-05-25,16,9803.0
2018-05-25,20,6693.0
2018-05-26,0,4635.0
2018-05-26,4,1958.0
2018-05-26,8,5477.0
2018-05-26,12,8377.0
2018-05-26,16,8535.0
2018-05-26,20,6394.0
2018-05-27,0,4732.0
2018-05-27,4,1913.0
2018-05-27,8,3962.0
2018-05-27,12,6324.0
2018-05-27,16,6587.0
2018-05-27,20,4220.0
2018-05-28,0,2345.0
2018-05-28,4,1172.0
2018-05-28,8,3294.0
2018-05-28,12,5769.0
2018-05-28,16,7183.0
2018-05-28,20,4224.0
2018-05-29,0,1352.0
2018-05-29,4,2630.0
2018-05-29,8,7212.0
2018-05-29,12,7128.0
2018-05-29,16,8422.0
2018-05-29,20,4314.0
2018-05-30,0,1579.0
2018-05-30,4,2311.0
2018-05-30,8,7284.0
2018-05-30,12,7230.0
2018-05-30,16,8767.0
2018-05-30,20,5290.0
2018-05-31,0,1665.0
2018-05-31,4,2253.0
2018-05-31,8,7559.0
2018-05-31,12,7730.0
2018-05-31,16,9645.0
2018-05-31,20,5484.0
2018-06-01,0,2308.0
2018-06-01,4,2535.0
2018-06-01,8,7620.0
2018-06-01,12,7446.0
2018-06-01,16,10163.0
2018-06-01,20,7290.0
2018-06-02,0,4976.0
2018-06-02,4,1822.0
2018-06-02,8,5642.0
2018-06-02,12,8929.0
2018-06-02,16,9403.0
2018-06-02,20,6940.0
2018-06-03,0,5420.0
2018-06-03,4,1733.0
2018-06-03,8,4483.0
2018-06-03,12,7451.0
2018-06-03,16,7684.0
2018-06-03,20,5041.0
2018-06-04,0,1822.0
2018-06-04,4,2302.0
2018-06-04,8,6887.0
2018-06-04,12,6889.0
2018-06-04,16,8146.0
2018-06-04,20,4361.0
2018-06-05,0,1396.0
2018-06-05,4,2386.0
2018-06-05,8,6934.0
2018-06-05,12,7188.0
2018-06-05,16,8438.0
2018-06-05,20,4761.0
2018-06-06,0,1325.0
2018-06-06,4,2209.0
2018-06-06,8,6835.0
2018-06-06,12,7280.0
2018-06-06,16,9130.0
2018-06-06,20,5187.0
2018-06-07,0,1770.0
2018-06-07,4,2281.0
2018-06-07,8,7119.0
2018-06-07,12,7612.0
2018-06-07,16,9364.0
2018-06-07,20,5686.0
2018-06-08,0,2208.0
2018-06-08,4,2314.0
2018-06-08,8,7178.0
2018-06-08,12,7157.0
2018-06-08,16,10468.0
2018-06-08,20,7309.0
2018-06-09,0,4943.0
2018-06-09,4,2173.0
2018-06-09,8,5504.0
2018-06-09,12,8205.0
2018-06-09,16,9517.0
2018-06-09,20,7204.0
2018-06-10,0,5351.0
2018-06-10,4,1981.0
2018-06-10,8,4414.0
2018-06-10,12,7425.0
2018-06-10,16,7702.0
2018-06-10,20,4226.0
2018-06-11,0,1600.0
2018-06-11,4,2368.0
2018-06-11,8,6736.0
2018-06-11,12,6378.0
2018-06-11,16,7858.0
2018-06-11,20,4214.0
2018-06-12,0,1056.0
2018-06-12,4,2142.0
2018-06-12,8,6588.0
2018-06-12,12,6916.0
2018-06-12,16,8364.0
2018-06-12,20,4971.0
2018-06-13,0,1486.0
2018-06-13,4,2119.0
2018-06-13,8,7239.0
2018-06-13,12,7519.0
2018-06-13,16,8602.0
2018-06-13,20,4945.0
2018-06-14,0,1675.0
2018-06-14,4,2229.0
2018-06-14,8,6960.0
2018-06-14,12,7349.0
2018-06-14,16,9030.0
2018-06-14,20,5389.0
2018-06-15,0,2288.0
2018-06-15,4,1890.0
2018-06-15,8,5225.0
2018-06-15,12,5099.0
2018-06-15,16,6317.0
2018-06-15,20,5847.0
2018-06-16,0,3784.0
2018-06-16,4,1875.0
2018-06-16,8,5034.0
2018-06-16,12,7248.0
2018-06-16,16,8703.0
2018-06-16,20,7867.0
2018-06-17,0,5516.0
2018-06-17,4,1967.0
2018-06-17,8,4604.0
2018-06-17,12,6777.0
2018-06-17,16,7666.0
2018-06-17,20,5658.0
2018-06-18,0,1750.0
2018-06-18,4,2397.0
2018-06-18,8,6860.0
2018-06-18,12,6652.0
2018-06-18,16,8418.0
2018-06-18,20,5309.0
2018-06-19,0,1325.0
2018-06-19,4,2253.0
2018-06-19,8,7223.0
2018-06-19,12,6688.0
2018-06-19,16,8762.0
2018-06-19,20,5708.0
2018-06-20,0,1696.0
2018-06-20,4,2349.0
2018-06-20,8,7475.0
2018-06-20,12,7195.0
2018-06-20,16,8644.0
2018-06-20,20,6219.0
2018-06-21,0,2107.0
2018-06-21,4,2305.0
2018-06-21,8,7217.0
2018-06-21,12,6840.0
2018-06-21,16,8898.0
2018-06-21,20,6820.0
2018-06-22,0,2808.0
2018-06-22,4,2199.0
2018-06-22,8,7008.0
2018-06-22,12,6315.0
2018-06-22,16,9444.0
2018-06-22,20,8965.0
2018-06-23,0,5611.0
2018-06-23,4,2105.0
2018-06-23,8,4796.0
2018-06-23,12,6639.0
2018-06-23,16,7981.0
2018-06-23,20,7485.0
2018-06-24,0,5770.0
2018-06-24,4,2020.0
2018-06-24,8,4192.0
2018-06-24,12,6576.0
2018-06-24,16,7253.0
2018-06-24,20,5627.0
2018-06-25,0,2060.0
2018-06-25,4,2256.0
2018-06-25,8,6556.0
2018-06-25,12,6091.0
2018-06-25,16,7642.0
2018-06-25,20,4863.0
2018-06-26,0,1549.0
2018-06-26,4,2244.0
2018-06-26,8,6950.0
2018-06-26,12,6289.0
2018-06-26,16,7937.0
2018-06-26,20,5525.0
2018-06-27,0,1867.0
2018-06-27,4,1906.0
2018-06-27,8,6513.0
2018-06-27,12,6524.0
2018-06-27,16,8570.0
2018-06-27,20,5908.0
2018-06-28,0,1768.0
2018-06-28,4,2170.0
2018-06-28,8,6460.0
2018-06-28,12,6591.0
2018-06-28,16,9377.0
2018-06-28,20,6464.0
2018-06-29,0,2533.0
2018-06-29,4,2016.0
2018-06-29,8,7031.0
2018-06-29,12,6900.0
2018-06-29,16,9766.0
2018-06-29,20,8275.0
2018-06-30,0,5353.0
2018-06-30,4,1988.0
2018-06-30,8,5398.0
2018-06-30,12,7404.0
2018-06-30,16,9244.0
2018-06-30,20,8210.0
2018-07-01,0,5353.0
2018-07-01,4,1829.0
2018-07-01,8,4457.0
2018-07-01,12,6268.0
2018-07-01,16,6432.0
2018-07-01,20,4968.0
2018-07-02,0,1743.0
2018-07-02,4,2095.0
2018-07-02,8,6699.0
2018-07-02,12,6316.0
2018-07-02,16,7590.0
2018-07-02,20,4820.0
2018-07-03,0,1461.0
2018-07-03,4,1973.0
2018-07-03,8,6849.0
2018-07-03,12,7121.0
2018-07-03,16,8716.0
2018-07-03,20,5190.0
2018-07-04,0,2553.0
2018-07-04,4,1273.0
2018-07-04,8,2675.0
2018-07-04,12,4725.0
2018-07-04,16,5994.0
2018-07-04,20,6061.0
2018-07-05,0,2824.0
2018-07-05,4,2022.0
2018-07-05,8,5943.0
2018-07-05,12,6113.0
2018-07-05,16,7751.0
2018-07-05,20,5109.0
2018-07-06,0,1904.0
2018-07-06,4,1907.0
2018-07-06,8,6170.0
2018-07-06,12,5723.0
2018-07-06,16,7977.0
2018-07-06,20,6569.0
2018-07-07,0,4407.0
2018-07-07,4,1752.0
2018-07-07,8,4437.0
2018-07-07,12,6412.0
2018-07-07,16,7624.0
2018-07-07,20,7257.0
2018-07-08,0,4947.0
2018-07-08,4,1668.0
2018-07-08,8,3837.0
2018-07-08,12,5760.0
2018-07-08,16,6249.0
2018-07-08,20,4703.0
2018-07-09,0,1438.0
2018-07-09,4,2041.0
2018-07-09,8,6062.0
2018-07-09,12,5705.0
2018-07-09,16,6867.0
2018-07-09,20,4533.0
2018-07-10,0,1371.0
2018-07-10,4,1881.0
2018-07-10,8,6522.0
2018-07-10,12,5844.0
2018-07-10,16,7465.0
2018-07-10,20,4859.0
2018-07-11,0,1489.0
2018-07-11,4,1906.0
2018-07-11,8,6413.0
2018-07-11,12,5890.0
2018-07-11,16,7751.0
2018-07-11,20,5436.0
2018-07-12,0,1809.0
2018-07-12,4,2094.0
2018-07-12,8,6720.0
2018-07-12,12,6160.0
2018-07-12,16,8023.0
2018-07-12,20,5934.0
2018-07-13,0,2064.0
2018-07-13,4,2081.0
2018-07-13,8,6181.0
2018-07-13,12,5851.0
2018-07-13,16,8544.0
2018-07-13,20,7150.0
2018-07-14,0,4823.0
2018-07-14,4,1817.0
2018-07-14,8,4535.0
2018-07-14,12,6643.0
2018-07-14,16,8121.0
2018-07-14,20,7653.0
2018-07-15,0,5550.0
2018-07-15,4,1657.0
2018-07-15,8,4099.0
2018-07-15,12,5584.0
2018-07-15,16,6227.0
2018-07-15,20,4780.0
2018-07-16,0,1509.0
2018-07-16,4,2120.0
2018-07-16,8,6588.0
2018-07-16,12,5834.0
2018-07-16,16,7496.0
2018-07-16,20,4649.0
2018-07-17,0,1403.0
2018-07-17,4,2050.0
2018-07-17,8,6630.0
2018-07-17,12,6618.0
2018-07-17,16,8203.0
2018-07-17,20,4943.0
2018-07-18,0,1653.0
2018-07-18,4,1982.0
2018-07-18,8,6438.0
2018-07-18,12,6246.0
2018-07-18,16,7620.0
2018-07-18,20,5661.0
2018-07-19,0,1973.0
2018-07-19,4,1956.0
2018-07-19,8,6304.0
2018-07-19,12,6115.0
2018-07-19,16,8053.0
2018-07-19,20,6169.0
2018-07-20,0,2734.0
2018-07-20,4,2006.0
2018-07-20,8,6273.0
2018-07-20,12,5710.0
2018-07-20,16,9030.0
2018-07-20,20,7585.0
2018-07-21,0,5428.0
2018-07-21,4,2053.0
2018-07-21,8,4377.0
2018-07-21,12,6237.0
2018-07-21,16,8610.0
2018-07-21,20,7901.0
2018-07-22,0,4412.0
2018-07-22,4,1400.0
2018-07-22,8,3619.0
2018-07-22,12,5981.0
2018-07-22,16,6869.0
2018-07-22,20,4862.0
2018-07-23,0,1405.0
2018-07-23,4,2111.0
2018-07-23,8,5900.0
2018-07-23,12,5423.0
2018-07-23,16,6937.0
2018-07-23,20,4238.0
2018-07-24,0,1259.0
2018-07-24,4,1915.0
2018-07-24,8,6116.0
2018-07-24,12,5871.0
2018-07-24,16,7425.0
2018-07-24,20,5098.0
2018-07-25,0,1561.0
2018-07-25,4,2079.0
2018-07-25,8,6228.0
2018-07-25,12,5869.0
2018-07-25,16,8129.0
2018-07-25,20,5156.0
2018-07-26,0,1600.0
2018-07-26,4,1896.0
2018-07-26,8,6510.0
2018-07-26,12,6162.0
2018-07-26,16,8621.0
2018-07-26,20,5989.0
2018-07-27,0,2290.0
2018-07-27,4,1955.0
2018-07-27,8,6067.0
2018-07-27,12,6212.0
2018-07-27,16,9133.0
2018-07-27,20,6788.0
2018-07-28,0,4178.0
2018-07-28,4,1810.0
2018-07-28,8,4263.0
2018-07-28,12,6494.0
2018-07-28,16,8040.0
2018-07-28,20,7893.0
2018-07-29,0,5527.0
2018-07-29,4,1942.0
2018-07-29,8,3765.0
2018-07-29,12,5889.0
2018-07-29,16,6330.0
2018-07-29,20,5118.0
2018-07-30,0,1693.0
2018-07-30,4,2159.0
2018-07-30,8,5930.0
2018-07-30,12,5523.0
2018-07-30,16,7379.0
2018-07-30,20,4329.0
2018-07-31,0,1295.0
2018-07-31,4,2026.0
2018-07-31,8,6213.0
2018-07-31,12,5681.0
2018-07-31,16,7397.0
2018-07-31,20,5011.0
2018-08-01,0,1612.0
2018-08-01,4,1949.0
2018-08-01,8,6579.0
2018-08-01,12,6285.0
2018-08-01,16,7977.0
2018-08-01,20,5413.0
2018-08-02,0,1871.0
2018-08-02,4,1904.0
2018-08-02,8,6430.0
2018-08-02,12,6552.0
2018-08-02,16,8504.0
2018-08-02,20,6376.0
2018-08-03,0,2344.0
2018-08-03,4,2098.0
2018-08-03,8,6342.0
2018-08-03,12,6250.0
2018-08-03,16,8537.0
2018-08-03,20,7082.0
2018-08-04,0,4623.0
2018-08-04,4,1811.0
2018-08-04,8,4596.0
2018-08-04,12,6031.0
2018-08-04,16,7762.0
2018-08-04,20,7353.0
2018-08-05,0,5369.0
2018-08-05,4,1906.0
2018-08-05,8,4141.0
2018-08-05,12,5700.0
2018-08-05,16,6545.0
2018-08-05,20,4987.0
2018-08-06,0,1575.0
2018-08-06,4,1998.0
2018-08-06,8,6032.0
2018-08-06,12,5772.0
2018-08-06,16,7070.0
2018-08-06,20,4043.0
2018-08-07,0,1136.0
2018-08-07,4,1979.0
2018-08-07,8,6307.0
2018-08-07,12,5933.0
2018-08-07,16,8731.0
2018-08-07,20,4877.0
2018-08-08,0,1382.0
2018-08-08,4,1885.0
2018-08-08,8,6428.0
2018-08-08,12,6020.0
2018-08-08,16,7982.0
2018-08-08,20,5193.0
2018-08-09,0,1603.0
2018-08-09,4,1931.0
2018-08-09,8,6256.0
2018-08-09,12,6040.0
2018-08-09,16,7639.0
2018-08-09,20,5816.0
2018-08-10,0,2087.0
2018-08-10,4,2011.0
2018-08-10,8,6113.0
2018-08-10,12,5974.0
2018-08-10,16,8713.0
2018-08-10,20,6855.0
2018-08-11,0,4918.0
2018-08-11,4,1832.0
2018-08-11,8,3875.0
2018-08-11,12,6012.0
2018-08-11,16,6979.0
2018-08-11,20,6053.0
2018-08-12,0,4559.0
2018-08-12,4,1724.0
2018-08-12,8,3935.0
2018-08-12,12,5830.0
2018-08-12,16,6232.0
2018-08-12,20,4780.0
2018-08-13,0,1530.0
2018-08-13,4,1907.0
2018-08-13,8,6180.0
2018-08-13,12,5344.0
2018-08-13,16,6547.0
2018-08-13,20,3728.0
2018-08-14,0,1019.0
2018-08-14,4,1927.0
2018-08-14,8,5997.0
2018-08-14,12,6224.0
2018-08-14,16,7371.0
2018-08-14,20,4440.0
2018-08-15,0,1213.0
2018-08-15,4,1933.0
2018-08-15,8,6211.0
2018-08-15,12,6042.0
2018-08-15,16,7692.0
2018-08-15,20,4974.0
2018-08-16,0,1655.0
2018-08-16,4,1985.0
2018-08-16,8,6291.0
2018-08-16,12,6164.0
2018-08-16,16,8169.0
2018-08-16,20,5298.0
2018-08-17,0,1976.0
2018-08-17,4,1897.0
2018-08-17,8,6125.0
2018-08-17,12,5785.0
2018-08-17,16,8493.0
2018-08-17,20,7183.0
2018-08-18,0,4210.0
2018-08-18,4,1699.0
2018-08-18,8,4285.0
2018-08-18,12,6492.0
2018-08-18,16,7809.0
2018-08-18,20,6916.0
2018-08-19,0,4640.0
2018-08-19,4,1664.0
2018-08-19,8,3695.0
2018-08-19,12,5549.0
2018-08-19,16,5899.0
2018-08-19,20,4167.0
2018-08-20,0,1446.0
2018-08-20,4,1922.0
2018-08-20,8,5840.0
2018-08-20,12,5551.0
2018-08-20,16,6366.0
2018-08-20,20,3848.0
2018-08-21,0,1029.0
2018-08-21,4,1557.0
2018-08-21,8,4631.0
2018-08-21,12,4572.0
2018-08-21,16,5359.0
2018-08-21,20,3465.0
2018-08-22,0,1184.0
2018-08-22,4,1807.0
2018-08-22,8,5693.0
2018-08-22,12,5415.0
2018-08-22,16,6688.0
2018-08-22,20,4522.0
2018-08-23,0,1326.0
2018-08-23,4,1771.0
2018-08-23,8,5825.0
2018-08-23,12,5702.0
2018-08-23,16,7384.0
2018-08-23,20,4775.0
2018-08-24,0,1820.0
2018-08-24,4,1935.0
2018-08-24,8,5678.0
2018-08-24,12,5389.0
2018-08-24,16,8161.0
2018-08-24,20,6668.0
2018-08-25,0,4464.0
2018-08-25,4,1749.0
2018-08-25,8,4352.0
2018-08-25,12,6254.0
2018-08-25,16,7421.0
2018-08-25,20,6772.0
2018-08-26,0,4696.0
2018-08-26,4,1773.0
2018-08-26,8,3863.0
2018-08-26,12,5846.0
2018-08-26,16,6315.0
2018-08-26,20,4582.0
2018-08-27,0,1425.0
2018-08-27,4,2034.0
2018-08-27,8,5797.0
2018-08-27,12,5389.0
2018-08-27,16,7020.0
2018-08-27,20,4241.0
2018-08-28,0,1161.0
2018-08-28,4,1882.0
2018-08-28,8,6125.0
2018-08-28,12,5977.0
2018-08-28,16,7431.0
2018-08-28,20,5023.0
2018-08-29,0,1306.0
2018-08-29,4,1985.0
2018-08-29,8,6327.0
2018-08-29,12,6076.0
2018-08-29,16,7823.0
2018-08-29,20,5307.0
2018-08-30,0,1603.0
2018-08-30,4,2033.0
2018-08-30,8,6286.0
2018-08-30,12,6200.0
2018-08-30,16,7918.0
2018-08-30,20,5725.0
2018-08-31,0,2230.0
2018-08-31,4,1913.0
2018-08-31,8,5875.0
2018-08-31,12,6338.0
2018-08-31,16,8602.0
2018-08-31,20,6694.0
2018-09-01,0,4280.0
2018-09-01,4,1801.0
2018-09-01,8,3950.0
2018-09-01,12,5763.0
2018-09-01,16,7038.0
2018-09-01,20,6742.0
2018-09-02,0,4602.0
2018-09-02,4,1627.0
2018-09-02,8,3473.0
2018-09-02,12,5401.0
2018-09-02,16,5927.0
2018-09-02,20,5382.0
2018-09-03,0,2513.0
2018-09-03,4,1159.0
2018-09-03,8,2776.0
2018-09-03,12,4750.0
2018-09-03,16,6140.0
2018-09-03,20,4429.0
2018-09-04,0,1358.0
2018-09-04,4,2103.0
2018-09-04,8,6387.0
2018-09-04,12,6136.0
2018-09-04,16,7736.0
2018-09-04,20,4415.0
2018-09-05,0,1359.0
2018-09-05,4,2250.0
2018-09-05,8,6826.0
2018-09-05,12,6486.0
2018-09-05,16,7939.0
2018-09-05,20,5090.0
2018-09-06,0,1393.0
2018-09-06,4,2337.0
2018-09-06,8,6943.0
2018-09-06,12,6589.0
2018-09-06,16,8086.0
2018-09-06,20,5337.0
2018-09-07,0,1839.0
2018-09-07,4,2336.0
2018-09-07,8,6914.0
2018-09-07,12,5993.0
2018-09-07,16,8853.0
2018-09-07,20,7227.0
2018-09-08,0,4291.0
2018-09-08,4,1810.0
2018-09-08,8,4392.0
2018-09-08,12,6983.0
2018-09-08,16,8388.0
2018-09-08,20,6884.0
2018-09-09,0,4840.0
2018-09-09,4,1730.0
2018-09-09,8,4209.0
2018-09-09,12,6173.0
2018-09-09,16,6203.0
2018-09-09,20,4120.0
2018-09-10,0,1219.0
2018-09-10,4,1857.0
2018-09-10,8,5841.0
2018-09-10,12,5582.0
2018-09-10,16,7159.0
2018-09-10,20,3862.0
2018-09-11,0,986.0
2018-09-11,4,1985.0
2018-09-11,8,5981.0
2018-09-11,12,5462.0
2018-09-11,16,6967.0
2018-09-11,20,4075.0
2018-09-12,0,1172.0
2018-09-12,4,2276.0
2018-09-12,8,6596.0
2018-09-12,12,6195.0
2018-09-12,16,8434.0
2018-09-12,20,5054.0
2018-09-13,0,1362.0
2018-09-13,4,2429.0
2018-09-13,8,6782.0
2018-09-13,12,6291.0
2018-09-13,16,8186.0
2018-09-13,20,5445.0
2018-09-14,0,1719.0
2018-09-14,4,2299.0
2018-09-14,8,6367.0
2018-09-14,12,5853.0
2018-09-14,16,9025.0
2018-09-14,20,7139.0
2018-09-15,0,4394.0
2018-09-15,4,1792.0
2018-09-15,8,4565.0
2018-09-15,12,6679.0
2018-09-15,16,7833.0
2018-09-15,20,7567.0
2018-09-16,0,5313.0
2018-09-16,4,1871.0
2018-09-16,8,4198.0
2018-09-16,12,6043.0
2018-09-16,16,6296.0
2018-09-16,20,4238.0
2018-09-17,0,1167.0
2018-09-17,4,2262.0
2018-09-17,8,6604.0
2018-09-17,12,6032.0
2018-09-17,16,7574.0
2018-09-17,20,3754.0
2018-09-18,0,1024.0
2018-09-18,4,2311.0
2018-09-18,8,6693.0
2018-09-18,12,6391.0
2018-09-18,16,7313.0
2018-09-18,20,3872.0
2018-09-19,0,1027.0
2018-09-19,4,1876.0
2018-09-19,8,6125.0
2018-09-19,12,5954.0
2018-09-19,16,7067.0
2018-09-19,20,4853.0
2018-09-20,0,1434.0
2018-09-20,4,2298.0
2018-09-20,8,6801.0
2018-09-20,12,6409.0
2018-09-20,16,8095.0
2018-09-20,20,5671.0
2018-09-21,0,2029.0
2018-09-21,4,2356.0
2018-09-21,8,6909.0
2018-09-21,12,6128.0
2018-09-21,16,8748.0
2018-09-21,20,7334.0
2018-09-22,0,4416.0
2018-09-22,4,1824.0
2018-09-22,8,4712.0
2018-09-22,12,6755.0
2018-09-22,16,8365.0
2018-09-22,20,7749.0
2018-09-23,0,5154.0
2018-09-23,4,1725.0
2018-09-23,8,4139.0
2018-09-23,12,5924.0
2018-09-23,16,6242.0
2018-09-23,20,3853.0
2018-09-24,0,1217.0
2018-09-24,4,2318.0
2018-09-24,8,6123.0
2018-09-24,12,6014.0
2018-09-24,16,7446.0
2018-09-24,20,4030.0
2018-09-25,0,1017.0
2018-09-25,4,2183.0
2018-09-25,8,6656.0
2018-09-25,12,6161.0
2018-09-25,16,8018.0
2018-09-25,20,4221.0
2018-09-26,0,1069.0
2018-09-26,4,2236.0
2018-09-26,8,6754.0
2018-09-26,12,6456.0
2018-09-26,16,8267.0
2018-09-26,20,5431.0
2018-09-27,0,1487.0
2018-09-27,4,2208.0
2018-09-27,8,6613.0
2018-09-27,12,6532.0
2018-09-27,16,8526.0
2018-09-27,20,5853.0
2018-09-28,0,2032.0
2018-09-28,4,2324.0
2018-09-28,8,6764.0
2018-09-28,12,6041.0
2018-09-28,16,8505.0
2018-09-28,20,6800.0
2018-09-29,0,4501.0
2018-09-29,4,1791.0
2018-09-29,8,4974.0
2018-09-29,12,7302.0
2018-09-29,16,8253.0
2018-09-29,20,7572.0
2018-09-30,0,4894.0
2018-09-30,4,1709.0
2018-09-30,8,4049.0
2018-09-30,12,5986.0
2018-09-30,16,6384.0
2018-09-30,20,4227.0
2018-10-01,0,1391.0
2018-10-01,4,2349.0
2018-10-01,8,6600.0
2018-10-01,12,6134.0
2018-10-01,16,6897.0
2018-10-01,20,3697.0
2018-10-02,0,978.0
2018-10-02,4,2325.0
2018-10-02,8,6651.0
2018-10-02,12,6354.0
2018-10-02,16,7605.0
2018-10-02,20,5273.0
2018-10-03,0,1126.0
2018-10-03,4,2279.0
2018-10-03,8,6775.0
2018-10-03,12,6691.0
2018-10-03,16,7997.0
2018-10-03,20,5383.0
2018-10-04,0,1694.0
2018-10-04,4,2307.0
2018-10-04,8,6826.0
2018-10-04,12,6511.0
2018-10-04,16,8964.0
2018-10-04,20,5574.0
2018-10-05,0,1733.0
2018-10-05,4,2291.0
2018-10-05,8,6786.0
2018-10-05,12,6263.0
2018-10-05,16,9030.0
2018-10-05,20,7083.0
2018-10-06,0,4356.0
2018-10-06,4,1782.0
2018-10-06,8,4682.0
2018-10-06,12,6833.0
2018-10-06,16,8199.0
2018-10-06,20,6920.0
2018-10-07,0,5007.0
2018-10-07,4,1679.0
2018-10-07,8,4211.0
2018-10-07,12,6178.0
2018-10-07,16,6116.0
2018-10-07,20,4460.0
2018-10-08,0,1929.0
2018-10-08,4,1731.0
2018-10-08,8,4929.0
2018-10-08,12,5444.0
2018-10-08,16,6071.0
2018-10-08,20,3422.0
2018-10-09,0,1009.0
2018-10-09,4,2222.0
2018-10-09,8,6943.0
2018-10-09,12,6093.0
2018-10-09,16,7458.0
2018-10-09,20,4419.0
2018-10-10,0,1391.0
2018-10-10,4,2188.0
2018-10-10,8,6740.0
2018-10-10,12,6381.0
2018-10-10,16,7817.0
2018-10-10,20,4659.0
2018-10-11,0,1468.0
2018-10-11,4,2381.0
2018-10-11,8,7263.0
2018-10-11,12,6778.0
2018-10-11,16,8793.0
2018-10-11,20,5188.0
2018-10-12,0,1824.0
2018-10-12,4,2403.0
2018-10-12,8,6782.0
2018-10-12,12,6318.0
2018-10-12,16,9053.0
2018-10-12,20,7277.0
2018-10-13,0,4616.0
2018-10-13,4,1833.0
2018-10-13,8,5159.0
2018-10-13,12,6993.0
2018-10-13,16,8268.0
2018-10-13,20,7343.0
2018-10-14,0,4976.0
2018-10-14,4,1898.0
2018-10-14,8,4347.0
2018-10-14,12,6344.0
2018-10-14,16,6237.0
2018-10-14,20,4008.0
2018-10-15,0,1153.0
2018-10-15,4,2333.0
2018-10-15,8,6762.0
2018-10-15,12,6075.0
2018-10-15,16,7311.0
2018-10-15,20,3905.0
2018-10-16,0,1118.0
2018-10-16,4,2183.0
2018-10-16,8,6938.0
2018-10-16,12,6116.0
2018-10-16,16,7692.0
2018-10-16,20,4682.0
2018-10-17,0,1227.0
2018-10-17,4,2216.0
2018-10-17,8,6954.0
2018-10-17,12,6518.0
2018-10-17,16,8016.0
2018-10-17,20,5463.0
2018-10-18,0,1420.0
2018-10-18,4,2323.0
2018-10-18,8,7066.0
2018-10-18,12,6713.0
2018-10-18,16,8623.0
2018-10-18,20,5776.0
2018-10-19,0,1956.0
2018-10-19,4,2395.0
2018-10-19,8,6847.0
2018-10-19,12,5939.0
2018-10-19,16,8688.0
2018-10-19,20,7558.0
2018-10-20,0,4412.0
2018-10-20,4,1794.0
2018-10-20,8,4972.0
2018-10-20,12,7001.0
2018-10-20,16,8175.0
2018-10-20,20,7343.0
2018-10-21,0,4943.0
2018-10-21,4,1857.0
2018-10-21,8,4359.0
2018-10-21,12,6364.0
2018-10-21,16,6688.0
2018-10-21,20,4174.0
2018-10-22,0,1219.0
2018-10-22,4,2393.0
2018-10-22,8,6756.0
2018-10-22,12,6173.0
2018-10-22,16,7242.0
2018-10-22,20,4318.0
2018-10-23,0,1064.0
2018-10-23,4,2317.0
2018-10-23,8,6862.0
2018-10-23,12,6120.0
2018-10-23,16,8109.0
2018-10-23,20,4781.0
2018-10-24,0,1363.0
2018-10-24,4,2271.0
2018-10-24,8,6817.0
2018-10-24,12,6720.0
2018-10-24,16,7913.0
2018-10-24,20,5191.0
2018-10-25,0,1339.0
2018-10-25,4,2236.0
2018-10-25,8,6743.0
2018-10-25,12,6511.0
2018-10-25,16,8638.0
2018-10-25,20,5992.0
2018-10-26,0,1756.0
2018-10-26,4,2285.0
2018-10-26,8,6811.0
2018-10-26,12,6288.0
2018-10-26,16,9281.0
2018-10-26,20,7434.0
2018-10-27,0,4756.0
2018-10-27,4,1798.0
2018-10-27,8,4263.0
2018-10-27,12,6330.0
2018-10-27,16,7226.0
2018-10-27,20,6597.0
2018-10-28,0,4743.0
2018-10-28,4,2071.0
2018-10-28,8,4213.0
2018-10-28,12,6150.0
2018-10-28,16,6288.0
2018-10-28,20,3826.0
2018-10-29,0,1184.0
2018-10-29,4,2249.0
2018-10-29,8,6686.0
2018-10-29,12,6180.0
2018-10-29,16,7586.0
2018-10-29,20,4229.0
2018-10-30,0,1112.0
2018-10-30,4,2193.0
2018-10-30,8,6645.0
2018-10-30,12,6554.0
2018-10-30,16,7922.0
2018-10-30,20,4725.0
2018-10-31,0,1329.0
2018-10-31,4,2121.0
2018-10-31,8,6600.0
2018-10-31,12,6652.0
2018-10-31,16,8048.0
2018-10-31,20,5276.0
2018-11-01,0,2462.0
2018-11-01,4,2530.0
2018-11-01,8,6819.0
2018-11-01,12,6970.0
2018-11-01,16,8462.0
2018-11-01,20,5502.0
2018-11-02,0,1773.0
2018-11-02,4,2256.0
2018-11-02,8,6928.0
2018-11-02,12,6313.0
2018-11-02,16,9546.0
2018-11-02,20,7302.0
2018-11-03,0,4206.0
2018-11-03,4,1768.0
2018-11-03,8,5229.0
2018-11-03,12,7156.0
2018-11-03,16,8279.0
2018-11-03,20,7156.0
2018-11-04,0,5530.0
2018-11-04,4,1411.0
2018-11-04,8,3880.0
2018-11-04,12,5729.0
2018-11-04,16,6186.0
2018-11-04,20,3862.0
2018-11-05,0,1101.0
2018-11-05,4,2194.0
2018-11-05,8,6950.0
2018-11-05,12,6397.0
2018-11-05,16,7492.0
2018-11-05,20,4094.0
2018-11-06,0,1012.0
2018-11-06,4,2214.0
2018-11-06,8,6794.0
2018-11-06,12,6505.0
2018-11-06,16,7068.0
2018-11-06,20,3934.0
2018-11-07,0,1055.0
2018-11-07,4,2237.0
2018-11-07,8,6657.0
2018-11-07,12,6467.0
2018-11-07,16,7749.0
2018-11-07,20,4978.0
2018-11-08,0,1390.0
2018-11-08,4,2220.0
2018-11-08,8,6720.0
2018-11-08,12,6750.0
2018-11-08,16,8211.0
2018-11-08,20,5563.0
2018-11-09,0,1838.0
2018-11-09,4,2333.0
2018-11-09,8,6707.0
2018-11-09,12,6568.0
2018-11-09,16,8754.0
2018-11-09,20,5989.0
2018-11-10,0,3578.0
2018-11-10,4,1757.0
2018-11-10,8,5412.0
2018-11-10,12,7578.0
2018-11-10,16,8718.0
2018-11-10,20,6862.0
2018-11-11,0,4475.0
2018-11-11,4,1656.0
2018-11-11,8,4483.0
2018-11-11,12,6474.0
2018-11-11,16,6356.0
2018-11-11,20,3991.0
2018-11-12,0,1231.0
2018-11-12,4,1778.0
2018-11-12,8,5546.0
2018-11-12,12,5755.0
2018-11-12,16,6461.0
2018-11-12,20,3640.0
2018-11-13,0,1063.0
2018-11-13,4,2186.0
2018-11-13,8,6780.0
2018-11-13,12,6380.0
2018-11-13,16,7792.0
2018-11-13,20,4436.0
2018-11-14,0,1162.0
2018-11-14,4,2190.0
2018-11-14,8,7065.0
2018-11-14,12,6866.0
2018-11-14,16,8524.0
2018-11-14,20,5185.0
2018-11-15,0,1314.0
2018-11-15,4,2285.0
2018-11-15,8,7183.0
2018-11-15,12,6275.0
2018-11-15,16,3038.0
2018-11-15,20,3524.0
2018-11-16,0,1272.0
2018-11-16,4,2015.0
2018-11-16,8,6439.0
2018-11-16,12,6442.0
2018-11-16,16,9177.0
2018-11-16,20,7031.0
2018-11-17,0,4031.0
2018-11-17,4,1631.0
2018-11-17,8,5228.0
2018-11-17,12,7209.0
2018-11-17,16,8342.0
2018-11-17,20,6884.0
2018-11-18,0,4383.0
2018-11-18,4,1614.0
2018-11-18,8,4350.0
2018-11-18,12,6663.0
2018-11-18,16,6188.0
2018-11-18,20,3653.0
2018-11-19,0,1064.0
2018-11-19,4,2235.0
2018-11-19,8,6835.0
2018-11-19,12,6300.0
2018-11-19,16,7168.0
2018-11-19,20,3874.0
2018-11-20,0,1015.0
2018-11-20,4,2201.0
2018-11-20,8,6656.0
2018-11-20,12,6668.0
2018-11-20,16,7776.0
2018-11-20,20,4409.0
2018-11-21,0,1065.0
2018-11-21,4,2146.0
2018-11-21,8,6303.0
2018-11-21,12,7208.0
2018-11-21,16,8154.0
2018-11-21,20,5059.0
2018-11-22,0,1978.0
2018-11-22,4,1129.0
2018-11-22,8,2775.0
2018-11-22,12,5395.0
2018-11-22,16,5833.0
2018-11-22,20,5192.0
2018-11-23,0,1687.0
2018-11-23,4,1279.0
2018-11-23,8,3522.0
2018-11-23,12,4798.0
2018-11-23,16,5957.0
2018-11-23,20,4236.0
2018-11-24,0,2344.0
2018-11-24,4,1167.0
2018-11-24,8,3519.0
2018-11-24,12,5704.0
2018-11-24,16,6150.0
2018-11-24,20,5698.0
2018-11-25,0,2626.0
2018-11-25,4,1161.0
2018-11-25,8,3764.0
2018-11-25,12,5569.0
2018-11-25,16,5276.0
2018-11-25,20,3235.0
2018-11-26,0,875.0
2018-11-26,4,2172.0
2018-11-26,8,6282.0
2018-11-26,12,6522.0
2018-11-26,16,8034.0
2018-11-26,20,3764.0
2018-11-27,0,824.0
2018-11-27,4,2076.0
2018-11-27,8,6703.0
2018-11-27,12,6323.0
2018-11-27,16,8271.0
2018-11-27,20,4526.0
2018-11-28,0,1130.0
2018-11-28,4,2273.0
2018-11-28,8,6585.0
2018-11-28,12,6526.0
2018-11-28,16,7984.0
2018-11-28,20,5094.0
2018-11-29,0,1301.0
2018-11-29,4,2175.0
2018-11-29,8,6694.0
2018-11-29,12,6795.0
2018-11-29,16,8413.0
2018-11-29,20,5333.0
2018-11-30,0,1952.0
2018-11-30,4,2154.0
2018-11-30,8,6631.0
2018-11-30,12,6739.0
2018-11-30,16,8949.0
2018-11-30,20,6872.0
2018-12-01,0,4105.0
2018-12-01,4,1812.0
2018-12-01,8,4945.0
2018-12-01,12,7228.0
2018-12-01,16,8417.0
2018-12-01,20,7054.0
2018-12-02,0,4203.0
2018-12-02,4,1574.0
2018-12-02,8,4277.0
2018-12-02,12,6096.0
2018-12-02,16,5696.0
2018-12-02,20,3350.0
2018-12-03,0,950.0
2018-12-03,4,2356.0
2018-12-03,8,6699.0
2018-12-03,12,6686.0
2018-12-03,16,7654.0
2018-12-03,20,4285.0
2018-12-04,0,1063.0
2018-12-04,4,2027.0
2018-12-04,8,6847.0
2018-12-04,12,6499.0
2018-12-04,16,7989.0
2018-12-04,20,4967.0
2018-12-05,0,1236.0
2018-12-05,4,1960.0
2018-12-05,8,6810.0
2018-12-05,12,6788.0
2018-12-05,16,8236.0
2018-12-05,20,5257.0
2018-12-06,0,1611.0
2018-12-06,4,2137.0
2018-12-06,8,7455.0
2018-12-06,12,7006.0
2018-12-06,16,8569.0
2018-12-06,20,6049.0
2018-12-07,0,2047.0
2018-12-07,4,2054.0
2018-12-07,8,6783.0
2018-12-07,12,6195.0
2018-12-07,16,9688.0
2018-12-07,20,7767.0
2018-12-08,0,4029.0
2018-12-08,4,1658.0
2018-12-08,8,4852.0
2018-12-08,12,7260.0
2018-12-08,16,8503.0
2018-12-08,20,7094.0
2018-12-09,0,4632.0
2018-12-09,4,1655.0
2018-12-09,8,4218.0
2018-12-09,12,6302.0
2018-12-09,16,6251.0
2018-12-09,20,3858.0
2018-12-10,0,1037.0
2018-12-10,4,2189.0
2018-12-10,8,6667.0
2018-12-10,12,5971.0
2018-12-10,16,7551.0
2018-12-10,20,4286.0
2018-12-11,0,1113.0
2018-12-11,4,2018.0
2018-12-11,8,6731.0
2018-12-11,12,6300.0
2018-12-11,16,7828.0
2018-12-11,20,4949.0
2018-12-12,0,1258.0
2018-12-12,4,1930.0
2018-12-12,8,6670.0
2018-12-12,12,6805.0
2018-12-12,16,8045.0
2018-12-12,20,5326.0
2018-12-13,0,1585.0
2018-12-13,4,1946.0
2018-12-13,8,7199.0
2018-12-13,12,6842.0
2018-12-13,16,8322.0
2018-12-13,20,5715.0
2018-12-14,0,2060.0
2018-12-14,4,2142.0
2018-12-14,8,6869.0
2018-12-14,12,6385.0
2018-12-14,16,9486.0
2018-12-14,20,7849.0
2018-12-15,0,4340.0
2018-12-15,4,1770.0
2018-12-15,8,4971.0
2018-12-15,12,6973.0
2018-12-15,16,8092.0
2018-12-15,20,7363.0
2018-12-16,0,5063.0
2018-12-16,4,1736.0
2018-12-16,8,4258.0
2018-12-16,12,6696.0
2018-12-16,16,6272.0
2018-12-16,20,3772.0
2018-12-17,0,1010.0
2018-12-17,4,2242.0
2018-12-17,8,6538.0
2018-12-17,12,6240.0
2018-12-17,16,7818.0
2018-12-17,20,4670.0
2018-12-18,0,1159.0
2018-12-18,4,2110.0
2018-12-18,8,6830.0
2018-12-18,12,6557.0
2018-12-18,16,8587.0
2018-12-18,20,5440.0
2018-12-19,0,1320.0
2018-12-19,4,2044.0
2018-12-19,8,6976.0
2018-12-19,12,6901.0
2018-12-19,16,8227.0
2018-12-19,20,5394.0
2018-12-20,0,1588.0
2018-12-20,4,2027.0
2018-12-20,8,6959.0
2018-12-20,12,7090.0
2018-12-20,16,8826.0
2018-12-20,20,5895.0
2018-12-21,0,1950.0
2018-12-21,4,2143.0
2018-12-21,8,6614.0
2018-12-21,12,6123.0
2018-12-21,16,8509.0
2018-12-21,20,6559.0
2018-12-22,0,3424.0
2018-12-22,4,1704.0
2018-12-22,8,4699.0
2018-12-22,12,6695.0
2018-12-22,16,7323.0
2018-12-22,20,6067.0
2018-12-23,0,3588.0
2018-12-23,4,1514.0
2018-12-23,8,3951.0
2018-12-23,12,5702.0
2018-12-23,16,5722.0
2018-12-23,20,3850.0
2018-12-24,0,1257.0
2018-12-24,4,1324.0
2018-12-24,8,4513.0
2018-12-24,12,6279.0
2018-12-24,16,7045.0
2018-12-24,20,4630.0
2018-12-25,0,1868.0
2018-12-25,4,728.0
2018-12-25,8,1707.0
2018-12-25,12,3768.0
2018-12-25,16,4139.0
2018-12-25,20,3174.0
2018-12-26,0,783.0
2018-12-26,4,1303.0
2018-12-26,8,4300.0
2018-12-26,12,5182.0
2018-12-26,16,6231.0
2018-12-26,20,3732.0
2018-12-27,0,1119.0
2018-12-27,4,1400.0
2018-12-27,8,5146.0
2018-12-27,12,5587.0
2018-12-27,16,6906.0
2018-12-27,20,4454.0
2018-12-28,0,1710.0
2018-12-28,4,1624.0
2018-12-28,8,5218.0
2018-12-28,12,5688.0
2018-12-28,16,6631.0
2018-12-28,20,4590.0
2018-12-29,0,2986.0
2018-12-29,4,1441.0
2018-12-29,8,3791.0
2018-12-29,12,5869.0
2018-12-29,16,6597.0
2018-12-29,20,5366.0
2018-12-30,0,3389.0
2018-12-30,4,1349.0
2018-12-30,8,3538.0
2018-12-30,12,5475.0
2018-12-30,16,5022.0
2018-12-30,20,3669.0
2018-12-31,0,1346.0
2018-12-31,4,1366.0
2018-12-31,8,4379.0
2018-12-31,12,6285.0
2018-12-31,16,8158.0
2018-12-31,20,7531.0
2019-01-01,0,6108.0
2019-01-01,4,2492.0
2019-01-01,8,1755.0
2019-01-01,12,3526.0
2019-01-01,16,4112.0
2019-01-01,20,2475.0
2019-01-02,0,764.0
2019-01-02,4,1810.0
2019-01-02,8,5619.0
2019-01-02,12,5671.0
2019-01-02,16,6731.0
2019-01-02,20,3479.0
2019-01-03,0,843.0
2019-01-03,4,1713.0
2019-01-03,8,6325.0
2019-01-03,12,5937.0
2019-01-03,16,7289.0
2019-01-03,20,3856.0
2019-01-04,0,1106.0
2019-01-04,4,1788.0
2019-01-04,8,6165.0
2019-01-04,12,5663.0
2019-01-04,16,7650.0
2019-01-04,20,5506.0
2019-01-05,0,3096.0
2019-01-05,4,1220.0
2019-01-05,8,4411.0
2019-01-05,12,5885.0
2019-01-05,16,6512.0
2019-01-05,20,4940.0
2019-01-06,0,3226.0
2019-01-06,4,1343.0
2019-01-06,8,3859.0
2019-01-06,12,5744.0
2019-01-06,16,5778.0
2019-01-06,20,3369.0
2019-01-07,0,897.0
2019-01-07,4,2008.0
2019-01-07,8,6738.0
2019-01-07,12,6218.0
2019-01-07,16,6724.0
2019-01-07,20,3258.0
2019-01-08,0,835.0
2019-01-08,4,1906.0
2019-01-08,8,6439.0
2019-01-08,12,5752.0
2019-01-08,16,6597.0
2019-01-08,20,3522.0
2019-01-09,0,753.0
2019-01-09,4,2038.0
2019-01-09,8,6541.0
2019-01-09,12,6255.0
2019-01-09,16,7611.0
2019-01-09,20,4150.0
2019-01-10,0,1051.0
2019-01-10,4,1996.0
2019-01-10,8,6957.0
2019-01-10,12,6558.0
2019-01-10,16,8168.0
2019-01-10,20,5014.0
2019-01-11,0,1404.0
2019-01-11,4,1969.0
2019-01-11,8,6643.0
2019-01-11,12,6106.0
2019-01-11,16,9029.0
2019-01-11,20,6090.0
2019-01-12,0,2979.0
2019-01-12,4,1275.0
2019-01-12,8,4427.0
2019-01-12,12,6333.0
2019-01-12,16,6938.0
2019-01-12,20,5763.0
2019-01-13,0,3416.0
2019-01-13,4,1372.0
2019-01-13,8,3723.0
2019-01-13,12,5601.0
2019-01-13,16,5390.0
2019-01-13,20,3303.0
2019-01-14,0,830.0
2019-01-14,4,2024.0
2019-01-14,8,6517.0
2019-01-14,12,5749.0
2019-01-14,16,6944.0
2019-01-14,20,3570.0
2019-01-15,0,769.0
2019-01-15,4,2009.0
2019-01-15,8,6592.0
2019-01-15,12,5911.0
2019-01-15,16,7106.0
2019-01-15,20,3848.0
2019-01-16,0,879.0
2019-01-16,4,1974.0
2019-01-16,8,6637.0
2019-01-16,12,6262.0
2019-01-16,16,7580.0
2019-01-16,20,4312.0
2019-01-17,0,1125.0
2019-01-17,4,2138.0
2019-01-17,8,6634.0
2019-01-17,12,6569.0
2019-01-17,16,8066.0
2019-01-17,20,4884.0
2019-01-18,0,1442.0
2019-01-18,4,1893.0
2019-01-18,8,6076.0
2019-01-18,12,5860.0
2019-01-18,16,8169.0
2019-01-18,20,5420.0
2019-01-19,0,3079.0
2019-01-19,4,1350.0
2019-01-19,8,4215.0
2019-01-19,12,6135.0
2019-01-19,16,6471.0
2019-01-19,20,5190.0
2019-01-20,0,2615.0
2019-01-20,4,1059.0
2019-01-20,8,2882.0
2019-01-20,12,4637.0
2019-01-20,16,5275.0
2019-01-20,20,3704.0
2019-01-21,0,1296.0
2019-01-21,4,1138.0
2019-01-21,8,3421.0
2019-01-21,12,4164.0
2019-01-21,16,4994.0
2019-01-21,20,2401.0
2019-01-22,0,561.0
2019-01-22,4,1777.0
2019-01-22,8,6502.0
2019-01-22,12,5974.0
2019-01-22,16,7210.0
2019-01-22,20,3633.0
2019-01-23,0,950.0
2019-01-23,4,2074.0
2019-01-23,8,6853.0
2019-01-23,12,6094.0
2019-01-23,16,7259.0
2019-01-23,20,3949.0
2019-01-24,0,1032.0
2019-01-24,4,1965.0
2019-01-24,8,6719.0
2019-01-24,12,6229.0
2019-01-24,16,7507.0
2019-01-24,20,4610.0
2019-01-25,0,1390.0
2019-01-25,4,1940.0
2019-01-25,8,6486.0
2019-01-25,12,6278.0
2019-01-25,16,8827.0
2019-01-25,20,6554.0
2019-01-26,0,3467.0
2019-01-26,4,1410.0
2019-01-26,8,4943.0
2019-01-26,12,6304.0
2019-01-26,16,7376.0
2019-01-26,20,5856.0
2019-01-27,0,3812.0
2019-01-27,4,1415.0
2019-01-27,8,4101.0
2019-01-27,12,5909.0
2019-01-27,16,5548.0
2019-01-27,20,3072.0
2019-01-28,0,823.0
2019-01-28,4,2063.0
2019-01-28,8,6590.0
2019-01-28,12,5806.0
2019-01-28,16,7021.0
2019-01-28,20,3714.0
2019-01-29,0,855.0
2019-01-29,4,2084.0
2019-01-29,8,6741.0
2019-01-29,12,6115.0
2019-01-29,16,8003.0
2019-01-29,20,3973.0
2019-01-30,0,885.0
2019-01-30,4,1895.0
2019-01-30,8,6335.0
2019-01-30,12,6182.0
2019-01-30,16,8103.0
2019-01-30,20,4341.0
2019-01-31,0,943.0
2019-01-31,4,1850.0
2019-01-31,8,6232.0
2019-01-31,12,5772.0
2019-01-31,16,8156.0
2019-01-31,20,4492.0
2019-02-01,0,1346.0
2019-02-01,4,1949.0
2019-02-01,8,6982.0
2019-02-01,12,6276.0
2019-02-01,16,9328.0
2019-02-01,20,6355.0
2019-02-02,0,3062.0
2019-02-02,4,1423.0
2019-02-02,8,4951.0
2019-02-02,12,6735.0
2019-02-02,16,7500.0
2019-02-02,20,5940.0
2019-02-03,0,3627.0
2019-02-03,4,1337.0
2019-02-03,8,4070.0
2019-02-03,12,5621.0
2019-02-03,16,5836.0
2019-02-03,20,3778.0
2019-02-04,0,1052.0
2019-02-04,4,1974.0
2019-02-04,8,6585.0
2019-02-04,12,5669.0
2019-02-04,16,7092.0
2019-02-04,20,3520.0
2019-02-05,0,826.0
2019-02-05,4,1767.0
2019-02-05,8,6275.0
2019-02-05,12,5833.0
2019-02-05,16,6724.0
2019-02-05,20,3658.0
2019-02-06,0,988.0
2019-02-06,4,1969.0
2019-02-06,8,6643.0
2019-02-06,12,6332.0
2019-02-06,16,8107.0
2019-02-06,20,4956.0
2019-02-07,0,963.0
2019-02-07,4,2009.0
2019-02-07,8,6464.0
2019-02-07,12,6237.0
2019-02-07,16,7685.0
2019-02-07,20,4572.0
2019-02-08,0,1383.0
2019-02-08,4,2012.0
2019-02-08,8,6729.0
2019-02-08,12,5698.0
2019-02-08,16,8630.0
2019-02-08,20,6496.0
2019-02-09,0,3250.0
2019-02-09,4,1414.0
2019-02-09,8,4865.0
2019-02-09,12,6415.0
2019-02-09,16,7430.0
2019-02-09,20,6021.0
2019-02-10,0,3683.0
2019-02-10,4,1432.0
2019-02-10,8,4000.0
2019-02-10,12,5596.0
2019-02-10,16,5626.0
2019-02-10,20,3122.0
2019-02-11,0,879.0
2019-02-11,4,2013.0
2019-02-11,8,6428.0
2019-02-11,12,5812.0
2019-02-11,16,6892.0
2019-02-11,20,3554.0
2019-02-12,0,794.0
2019-02-12,4,1855.0
2019-02-12,8,5759.0
2019-02-12,12,4707.0
2019-02-12,16,5921.0
2019-02-12,20,3218.0
2019-02-13,0,716.0
2019-02-13,4,1872.0
2019-02-13,8,6110.0
2019-02-13,12,6166.0
2019-02-13,16,7799.0
2019-02-13,20,4435.0
2019-02-14,0,1009.0
2019-02-14,4,1983.0
2019-02-14,8,6699.0
2019-02-14,12,6498.0
2019-02-14,16,8236.0
2019-02-14,20,4869.0
2019-02-15,0,1667.0
2019-02-15,4,2015.0
2019-02-15,8,6094.0
2019-02-15,12,5834.0
2019-02-15,16,7750.0
2019-02-15,20,5550.0
2019-02-16,0,3043.0
2019-02-16,4,1353.0
2019-02-16,8,4053.0
2019-02-16,12,5646.0
2019-02-16,16,6658.0
2019-02-16,20,5865.0
2019-02-17,0,3534.0
2019-02-17,4,1326.0
2019-02-17,8,3467.0
2019-02-17,12,5316.0
2019-02-17,16,5400.0
2019-02-17,20,3487.0
2019-02-18,0,1113.0
2019-02-18,4,973.0
2019-02-18,8,3805.0
2019-02-18,12,4562.0
2019-02-18,16,5244.0
2019-02-18,20,3321.0
2019-02-19,0,710.0
2019-02-19,4,1733.0
2019-02-19,8,6153.0
2019-02-19,12,5650.0
2019-02-19,16,6839.0
2019-02-19,20,4012.0
2019-02-20,0,969.0
2019-02-20,4,1771.0
2019-02-20,8,6018.0
2019-02-20,12,5239.0
2019-02-20,16,6220.0
2019-02-20,20,3721.0
2019-02-21,0,916.0
2019-02-21,4,1717.0
2019-02-21,8,5657.0
2019-02-21,12,5775.0
2019-02-21,16,7313.0
2019-02-21,20,4333.0
2019-02-22,0,1255.0
2019-02-22,4,1754.0
2019-02-22,8,5906.0
2019-02-22,12,5532.0
2019-02-22,16,8016.0
2019-02-22,20,5567.0
2019-02-23,0,2978.0
2019-02-23,4,1339.0
2019-02-23,8,4408.0
2019-02-23,12,6133.0
2019-02-23,16,6826.0
2019-02-23,20,5620.0
2019-02-24,0,3254.0
2019-02-24,4,1278.0
2019-02-24,8,3437.0
2019-02-24,12,5150.0
2019-02-24,16,5004.0
2019-02-24,20,2961.0
2019-02-25,0,867.0
2019-02-25,4,2036.0
2019-02-25,8,6287.0
2019-02-25,12,5552.0
2019-02-25,16,6859.0
2019-02-25,20,3860.0
2019-02-26,0,743.0
2019-02-26,4,2146.0
2019-02-26,8,6454.0
2019-02-26,12,5562.0
2019-02-26,16,7292.0
2019-02-26,20,4084.0
2019-02-27,0,743.0
2019-02-27,4,1991.0
2019-02-27,8,6589.0
2019-02-27,12,5898.0
2019-02-27,16,7749.0
2019-02-27,20,4301.0
2019-02-28,0,987.0
2019-02-28,4,1947.0
2019-02-28,8,5482.0
2019-02-28,12,5524.0
2019-02-28,16,7516.0
2019-02-28,20,4784.0
2019-03-01,0,1350.0
2019-03-01,4,1772.0
2019-03-01,8,6065.0
2019-03-01,12,5766.0
2019-03-01,16,8247.0
2019-03-01,20,5752.0
2019-03-02,0,2724.0
2019-03-02,4,806.0
2019-03-02,8,3472.0
2019-03-02,12,5348.0
2019-03-02,16,6407.0
2019-03-02,20,5347.0
2019-03-03,0,3354.0
2019-03-03,4,1171.0
2019-03-03,8,3955.0
2019-03-03,12,5779.0
2019-03-03,16,5315.0
2019-03-03,20,2604.0
2019-03-04,0,465.0
2019-03-04,4,1204.0
2019-03-04,8,4361.0
2019-03-04,12,4517.0
2019-03-04,16,6038.0
2019-03-04,20,3177.0
2019-03-05,0,839.0
2019-03-05,4,1965.0
2019-03-05,8,6061.0
2019-03-05,12,5540.0
2019-03-05,16,7268.0
2019-03-05,20,3945.0
2019-03-06,0,819.0
2019-03-06,4,1922.0
2019-03-06,8,6368.0
2019-03-06,12,6015.0
2019-03-06,16,7866.0
2019-03-06,20,4368.0
2019-03-07,0,882.0
2019-03-07,4,1940.0
2019-03-07,8,6309.0
2019-03-07,12,6251.0
2019-03-07,16,7856.0
2019-03-07,20,4264.0
2019-03-08,0,1143.0
2019-03-08,4,1908.0
2019-03-08,8,5850.0
2019-03-08,12,5474.0
2019-03-08,16,7893.0
2019-03-08,20,5533.0
2019-03-09,0,2706.0
2019-03-09,4,1271.0
2019-03-09,8,4341.0
2019-03-09,12,5917.0
2019-03-09,16,7037.0
2019-03-09,20,5768.0
2019-03-10,0,2924.0
2019-03-10,4,1421.0
2019-03-10,8,3219.0
2019-03-10,12,4963.0
2019-03-10,16,4931.0
2019-03-10,20,2676.0
2019-03-11,0,758.0
2019-03-11,4,1796.0
2019-03-11,8,5647.0
2019-03-11,12,5159.0
2019-03-11,16,6387.0
2019-03-11,20,3399.0
2019-03-12,0,839.0
2019-03-12,4,1771.0
2019-03-12,8,6034.0
2019-03-12,12,5364.0
2019-03-12,16,6750.0
2019-03-12,20,3755.0
2019-03-13,0,827.0
2019-03-13,4,1856.0
2019-03-13,8,5971.0
2019-03-13,12,5578.0
2019-03-13,16,7173.0
2019-03-13,20,4135.0
2019-03-14,0,931.0
2019-03-14,4,1820.0
2019-03-14,8,6090.0
2019-03-14,12,5880.0
2019-03-14,16,6897.0
2019-03-14,20,4466.0
2019-03-15,0,1201.0
2019-03-15,4,1790.0
2019-03-15,8,5685.0
2019-03-15,12,5378.0
2019-03-15,16,7530.0
2019-03-15,20,5991.0
2019-03-16,0,2679.0
2019-03-16,4,1181.0
2019-03-16,8,4234.0
2019-03-16,12,6102.0
2019-03-16,16,6660.0
2019-03-16,20,5803.0
2019-03-17,0,3444.0
2019-03-17,4,1232.0
2019-03-17,8,3681.0
2019-03-17,12,4857.0
2019-03-17,16,5135.0
2019-03-17,20,3440.0
2019-03-18,0,880.0
2019-03-18,4,1743.0
2019-03-18,8,5555.0
2019-03-18,12,5300.0
2019-03-18,16,5994.0
2019-03-18,20,3117.0
2019-03-19,0,702.0
2019-03-19,4,1795.0
2019-03-19,8,5493.0
2019-03-19,12,5274.0
2019-03-19,16,6410.0
2019-03-19,20,3680.0
2019-03-20,0,686.0
2019-03-20,4,1691.0
2019-03-20,8,5771.0
2019-03-20,12,5402.0
2019-03-20,16,6845.0
2019-03-20,20,4119.0
2019-03-21,0,994.0
2019-03-21,4,1765.0
2019-03-21,8,5824.0
2019-03-21,12,5564.0
2019-03-21,16,7150.0
2019-03-21,20,4588.0
2019-03-22,0,1181.0
2019-03-22,4,1713.0
2019-03-22,8,5646.0
2019-03-22,12,5141.0
2019-03-22,16,7508.0
2019-03-22,20,5749.0
2019-03-23,0,2920.0
2019-03-23,4,1333.0
2019-03-23,8,4045.0
2019-03-23,12,5299.0
2019-03-23,16,6351.0
2019-03-23,20,5652.0
2019-03-24,0,3217.0
2019-03-24,4,1155.0
2019-03-24,8,3491.0
2019-03-24,12,4926.0
2019-03-24,16,4732.0
2019-03-24,20,3193.0
2019-03-25,0,858.0
2019-03-25,4,1671.0
2019-03-25,8,5553.0
2019-03-25,12,5199.0
2019-03-25,16,6377.0
2019-03-25,20,3176.0
2019-03-26,0,695.0
2019-03-26,4,1635.0
2019-03-26,8,5609.0
2019-03-26,12,4850.0
2019-03-26,16,6600.0
2019-03-26,20,3999.0
2019-03-27,0,859.0
2019-03-27,4,1684.0
2019-03-27,8,5644.0
2019-03-27,12,5228.0
2019-03-27,16,6658.0
2019-03-27,20,4205.0
2019-03-28,0,963.0
2019-03-28,4,1843.0
2019-03-28,8,5560.0
2019-03-28,12,5342.0
2019-03-28,16,6952.0
2019-03-28,20,4405.0
2019-03-29,0,1178.0
2019-03-29,4,1757.0
2019-03-29,8,5489.0
2019-03-29,12,5144.0
2019-03-29,16,6924.0
2019-03-29,20,5445.0
2019-03-30,0,3034.0
2019-03-30,4,1209.0
2019-03-30,8,3968.0
2019-03-30,12,5629.0
2019-03-30,16,6635.0
2019-03-30,20,5843.0
2019-03-31,0,3427.0
2019-03-31,4,1222.0
2019-03-31,8,3712.0
2019-03-31,12,5146.0
2019-03-31,16,4918.0
2019-03-31,20,3255.0
2019-04-01,0,874.0
2019-04-01,4,1770.0
2019-04-01,8,5598.0
2019-04-01,12,5108.0
2019-04-01,16,6291.0
2019-04-01,20,3531.0
2019-04-02,0,735.0
2019-04-02,4,1761.0
2019-04-02,8,5552.0
2019-04-02,12,5486.0
2019-04-02,16,6380.0
2019-04-02,20,3978.0
2019-04-03,0,823.0
2019-04-03,4,1752.0
2019-04-03,8,5858.0
2019-04-03,12,5458.0
2019-04-03,16,6814.0
2019-04-03,20,4240.0
2019-04-04,0,1104.0
2019-04-04,4,1899.0
2019-04-04,8,5689.0
2019-04-04,12,5554.0
2019-04-04,16,6872.0
2019-04-04,20,4792.0
2019-04-05,0,1377.0
2019-04-05,4,1698.0
2019-04-05,8,5807.0
2019-04-05,12,5185.0
2019-04-05,16,7506.0
2019-04-05,20,5697.0
2019-04-06,0,2666.0
2019-04-06,4,1304.0
2019-04-06,8,3964.0
2019-04-06,12,5752.0
2019-04-06,16,6617.0
2019-04-06,20,5649.0
2019-04-07,0,3549.0
2019-04-07,4,1338.0
2019-04-07,8,3524.0
2019-04-07,12,5081.0
2019-04-07,16,5034.0
2019-04-07,20,3023.0
2019-04-08,0,783.0
2019-04-08,4,1416.0
2019-04-08,8,4909.0
2019-04-08,12,4479.0
2019-04-08,16,5341.0
2019-04-08,20,3308.0
2019-04-09,0,844.0
2019-04-09,4,1371.0
2019-04-09,8,4748.0
2019-04-09,12,4816.0
2019-04-09,16,6370.0
2019-04-09,20,3516.0
2019-04-10,0,743.0
2019-04-10,4,1492.0
2019-04-10,8,4877.0
2019-04-10,12,4777.0
2019-04-10,16,6275.0
2019-04-10,20,4243.0
2019-04-11,0,1122.0
2019-04-11,4,1512.0
2019-04-11,8,5113.0
2019-04-11,12,4830.0
2019-04-11,16,6588.0
2019-04-11,20,4249.0
2019-04-12,0,1203.0
2019-04-12,4,1545.0
2019-04-12,8,4813.0
2019-04-12,12,4510.0
2019-04-12,16,7399.0
2019-04-12,20,5859.0
2019-04-13,0,2617.0
2019-04-13,4,1048.0
2019-04-13,8,3449.0
2019-04-13,12,4965.0
2019-04-13,16,6103.0
2019-04-13,20,5329.0
2019-04-14,0,3182.0
2019-04-14,4,1082.0
2019-04-14,8,3012.0
2019-04-14,12,4290.0
2019-04-14,16,4708.0
2019-04-14,20,3104.0
2019-04-15,0,766.0
2019-04-15,4,1396.0
2019-04-15,8,4895.0
2019-04-15,12,4555.0
2019-04-15,16,6255.0
2019-04-15,20,3603.0
2019-04-16,0,880.0
2019-04-16,4,1476.0
2019-04-16,8,4841.0
2019-04-16,12,4693.0
2019-04-16,16,5777.0
2019-04-16,20,3936.0
2019-04-17,0,919.0
2019-04-17,4,1504.0
2019-04-17,8,4787.0
2019-04-17,12,4847.0
2019-04-17,16,6046.0
2019-04-17,20,3921.0
2019-04-18,0,1005.0
2019-04-18,4,1323.0
2019-04-18,8,4869.0
2019-04-18,12,4846.0
2019-04-18,16,6194.0
2019-04-18,20,4485.0
2019-04-19,0,1346.0
2019-04-19,4,1110.0
2019-04-19,8,3812.0
2019-04-19,12,4034.0
2019-04-19,16,6099.0
2019-04-19,20,4863.0
2019-04-20,0,2800.0
2019-04-20,4,975.0
2019-04-20,8,3300.0
2019-04-20,12,4887.0
2019-04-20,16,5616.0
2019-04-20,20,4670.0
2019-04-21,0,2691.0
2019-04-21,4,1010.0
2019-04-21,8,3191.0
2019-04-21,12,4330.0
2019-04-21,16,4631.0
2019-04-21,20,3336.0
2019-04-22,0,922.0
2019-04-22,4,1154.0
2019-04-22,8,3804.0
2019-04-22,12,4496.0
2019-04-22,16,5553.0
2019-04-22,20,2888.0
2019-04-23,0,688.0
2019-04-23,4,1225.0
2019-04-23,8,4029.0
2019-04-23,12,4144.0
2019-04-23,16,5559.0
2019-04-23,20,3572.0
2019-04-24,0,903.0
2019-04-24,4,1248.0
2019-04-24,8,4276.0
2019-04-24,12,4046.0
2019-04-24,16,5876.0
2019-04-24,20,3877.0
2019-04-25,0,989.0
2019-04-25,4,1273.0
2019-04-25,8,4033.0
2019-04-25,12,4337.0
2019-04-25,16,6500.0
2019-04-25,20,4192.0
2019-04-26,0,1343.0
2019-04-26,4,1282.0
2019-04-26,8,4276.0
2019-04-26,12,4519.0
2019-04-26,16,6443.0
2019-04-26,20,4769.0
2019-04-27,0,2619.0
2019-04-27,4,1035.0
2019-04-27,8,3182.0
2019-04-27,12,4961.0
2019-04-27,16,5476.0
2019-04-27,20,5054.0
2019-04-28,0,3245.0
2019-04-28,4,1095.0
2019-04-28,8,2914.0
2019-04-28,12,4426.0
2019-04-28,16,4445.0
2019-04-28,20,2780.0
2019-04-29,0,853.0
2019-04-29,4,1421.0
2019-04-29,8,4139.0
2019-04-29,12,4122.0
2019-04-29,16,5525.0
2019-04-29,20,3139.0
2019-04-30,0,815.0
2019-04-30,4,1382.0
2019-04-30,8,4525.0
2019-04-30,12,4248.0
2019-04-30,16,5503.0
2019-04-30,20,3431.0
2019-05-01,0,879.0
2019-05-01,4,1285.0
2019-05-01,8,4648.0
2019-05-01,12,4552.0
2019-05-01,16,6207.0
2019-05-01,20,3878.0
2019-05-02,0,931.0
2019-05-02,4,1348.0
2019-05-02,8,4303.0
2019-05-02,12,4552.0
2019-05-02,16,6222.0
2019-05-02,20,4515.0
2019-05-03,0,1273.0
2019-05-03,4,1388.0
2019-05-03,8,4457.0
2019-05-03,12,4424.0
2019-05-03,16,6710.0
2019-05-03,20,5154.0
2019-05-04,0,2708.0
2019-05-04,4,1048.0
2019-05-04,8,3437.0
2019-05-04,12,4805.0
2019-05-04,16,5721.0
2019-05-04,20,5094.0
2019-05-05,0,3163.0
2019-05-05,4,1080.0
2019-05-05,8,2652.0
2019-05-05,12,4240.0
2019-05-05,16,4484.0
2019-05-05,20,2590.0
2019-05-06,0,788.0
2019-05-06,4,1262.0
2019-05-06,8,4140.0
2019-05-06,12,4386.0
2019-05-06,16,5302.0
2019-05-06,20,2477.0
2019-05-07,0,639.0
2019-05-07,4,1710.0
2019-05-07,8,4851.0
2019-05-07,12,4862.0
2019-05-07,16,5677.0
2019-05-07,20,3156.0
2019-05-08,0,815.0
2019-05-08,4,1705.0
2019-05-08,8,4828.0
2019-05-08,12,4881.0
2019-05-08,16,5860.0
2019-05-08,20,3043.0
2019-05-09,0,940.0
2019-05-09,4,1761.0
2019-05-09,8,5073.0
2019-05-09,12,5079.0
2019-05-09,16,6269.0
2019-05-09,20,3113.0
2019-05-10,0,1211.0
2019-05-10,4,1760.0
2019-05-10,8,4999.0
2019-05-10,12,4721.0
2019-05-10,16,6427.0
2019-05-10,20,3863.0
2019-05-11,0,2458.0
2019-05-11,4,1076.0
2019-05-11,8,3546.0
2019-05-11,12,5435.0
2019-05-11,16,6009.0
2019-05-11,20,3831.0
2019-05-12,0,2718.0
2019-05-12,4,1040.0
2019-05-12,8,3094.0
2019-05-12,12,5153.0
2019-05-12,16,4963.0
2019-05-12,20,2585.0
2019-05-13,0,678.0
2019-05-13,4,1605.0
2019-05-13,8,4628.0
2019-05-13,12,4950.0
2019-05-13,16,6403.0
2019-05-13,20,2390.0
2019-05-14,0,590.0
2019-05-14,4,1768.0
2019-05-14,8,4595.0
2019-05-14,12,4798.0
2019-05-14,16,6143.0
2019-05-14,20,2830.0
2019-05-15,0,777.0
2019-05-15,4,1618.0
2019-05-15,8,4733.0
2019-05-15,12,5005.0
2019-05-15,16,5993.0
2019-05-15,20,2814.0
2019-05-16,0,985.0
2019-05-16,4,1609.0
2019-05-16,8,4692.0
2019-05-16,12,4882.0
2019-05-16,16,6300.0
2019-05-16,20,3297.0
2019-05-17,0,1388.0
2019-05-17,4,1667.0
2019-05-17,8,4446.0
2019-05-17,12,4798.0
2019-05-17,16,6814.0
2019-05-17,20,3976.0
2019-05-18,0,2467.0
2019-05-18,4,1300.0
2019-05-18,8,4036.0
2019-05-18,12,6080.0
2019-05-18,16,6618.0
2019-05-18,20,4178.0
2019-05-19,0,2848.0
2019-05-19,4,1125.0
2019-05-19,8,3273.0
2019-05-19,12,5081.0
2019-05-19,16,5285.0
2019-05-19,20,2547.0
2019-05-20,0,945.0
2019-05-20,4,1648.0
2019-05-20,8,4482.0
2019-05-20,12,4327.0
2019-05-20,16,5421.0
2019-05-20,20,2618.0
2019-05-21,0,801.0
2019-05-21,4,1308.0
2019-05-21,8,4547.0
2019-05-21,12,4762.0
2019-05-21,16,5656.0
2019-05-21,20,2967.0
2019-05-22,0,825.0
2019-05-22,4,1578.0
2019-05-22,8,4398.0
2019-05-22,12,4857.0
2019-05-22,16,5991.0
2019-05-22,20,3083.0
2019-05-23,0,1045.0
2019-05-23,4,1633.0
2019-05-23,8,4460.0
2019-05-23,12,4778.0
2019-05-23,16,6262.0
2019-05-23,20,3158.0
2019-05-24,0,1212.0
2019-05-24,4,1609.0
2019-05-24,8,4606.0
2019-05-24,12,4558.0
2019-05-24,16,6094.0
2019-05-24,20,3774.0
2019-05-25,0,2197.0
2019-05-25,4,1071.0
2019-05-25,8,2877.0
2019-05-25,12,4689.0
2019-05-25,16,5113.0
2019-05-25,20,3542.0
2019-05-26,0,2298.0
2019-05-26,4,940.0
2019-05-26,8,2718.0
2019-05-26,12,4258.0
2019-05-26,16,4970.0
2019-05-26,20,2495.0
2019-05-27,0,1310.0
2019-05-27,4,829.0
2019-05-27,8,1904.0
2019-05-27,12,3642.0
2019-05-27,16,4229.0
2019-05-27,20,2330.0
2019-05-28,0,666.0
2019-05-28,4,1660.0
2019-05-28,8,4809.0
2019-05-28,12,4665.0
2019-05-28,16,5370.0
2019-05-28,20,2514.0
2019-05-29,0,670.0
2019-05-29,4,1754.0
2019-05-29,8,4600.0
2019-05-29,12,4720.0
2019-05-29,16,6657.0
2019-05-29,20,2599.0
2019-05-30,0,730.0
2019-05-30,4,1680.0
2019-05-30,8,4716.0
2019-05-30,12,4799.0
2019-05-30,16,6894.0
2019-05-30,20,2914.0
2019-05-31,0,1052.0
2019-05-31,4,1630.0
2019-05-31,8,4535.0
2019-05-31,12,4347.0
2019-05-31,16,6218.0
2019-05-31,20,3600.0
2019-06-01,0,2055.0
2019-06-01,4,1117.0
2019-06-01,8,3632.0
2019-06-01,12,5609.0
2019-06-01,16,6131.0
2019-06-01,20,3992.0
2019-06-02,0,2693.0
2019-06-02,4,1120.0
2019-06-02,8,3259.0
2019-06-02,12,5045.0
2019-06-02,16,5007.0
2019-06-02,20,2624.0
2019-06-03,0,970.0
2019-06-03,4,1771.0
2019-06-03,8,4543.0
2019-06-03,12,4481.0
2019-06-03,16,5133.0
2019-06-03,20,2480.0
2019-06-04,0,861.0
2019-06-04,4,1160.0
2019-06-04,8,3288.0
2019-06-04,12,2957.0
2019-06-04,16,3786.0
2019-06-04,20,2321.0
2019-06-05,0,636.0
2019-06-05,4,1419.0
2019-06-05,8,4067.0
2019-06-05,12,4171.0
2019-06-05,16,5553.0
2019-06-05,20,3154.0
2019-06-06,0,942.0
2019-06-06,4,1613.0
2019-06-06,8,4761.0
2019-06-06,12,4560.0
2019-06-06,16,5946.0
2019-06-06,20,3783.0
2019-06-07,0,1196.0
2019-06-07,4,1510.0
2019-06-07,8,4835.0
2019-06-07,12,4345.0
2019-06-07,16,6599.0
2019-06-07,20,4776.0
2019-06-08,0,2585.0
2019-06-08,4,1025.0
2019-06-08,8,3108.0
2019-06-08,12,4907.0
2019-06-08,16,5499.0
2019-06-08,20,4942.0
2019-06-09,0,3116.0
2019-06-09,4,976.0
2019-06-09,8,2847.0
2019-06-09,12,4187.0
2019-06-09,16,4572.0
2019-06-09,20,2956.0
2019-06-10,0,893.0
2019-06-10,4,1638.0
2019-06-10,8,4554.0
2019-06-10,12,4705.0
2019-06-10,16,5456.0
2019-06-10,20,2697.0
2019-06-11,0,689.0
2019-06-11,4,1499.0
2019-06-11,8,4439.0
2019-06-11,12,4310.0
2019-06-11,16,5394.0
2019-06-11,20,3248.0
2019-06-12,0,869.0
2019-06-12,4,1195.0
2019-06-12,8,4213.0
2019-06-12,12,4250.0
2019-06-12,16,5770.0
2019-06-12,20,3544.0
2019-06-13,0,963.0
2019-06-13,4,1681.0
2019-06-13,8,5117.0
2019-06-13,12,4372.0
2019-06-13,16,5838.0
2019-06-13,20,4318.0
2019-06-14,0,1190.0
2019-06-14,4,1451.0
2019-06-14,8,4529.0
2019-06-14,12,4108.0
2019-06-14,16,6417.0
2019-06-14,20,4813.0
2019-06-15,0,2737.0
2019-06-15,4,988.0
2019-06-15,8,3257.0
2019-06-15,12,4679.0
2019-06-15,16,5572.0
2019-06-15,20,4785.0
2019-06-16,0,2937.0
2019-06-16,4,948.0
2019-06-16,8,2675.0
2019-06-16,12,4211.0
2019-06-16,16,4706.0
2019-06-16,20,3046.0
2019-06-17,0,797.0
2019-06-17,4,1529.0
2019-06-17,8,4546.0
2019-06-17,12,4246.0
2019-06-17,16,5151.0
2019-06-17,20,2760.0
2019-06-18,0,597.0
2019-06-18,4,1244.0
2019-06-18,8,4359.0
2019-06-18,12,4724.0
2019-06-18,16,6016.0
2019-06-18,20,2879.0
2019-06-19,0,725.0
2019-06-19,4,1340.0
2019-06-19,8,4674.0
2019-06-19,12,4646.0
2019-06-19,16,6150.0
2019-06-19,20,3408.0
2019-06-20,0,960.0
2019-06-20,4,1228.0
2019-06-20,8,4647.0
2019-06-20,12,4708.0
2019-06-20,16,6255.0
2019-06-20,20,3878.0
2019-06-21,0,1244.0
2019-06-21,4,1304.0
2019-06-21,8,4543.0
2019-06-21,12,4219.0
2019-06-21,16,6114.0
2019-06-21,20,4507.0
2019-06-22,0,2719.0
2019-06-22,4,994.0
2019-06-22,8,3473.0
2019-06-22,12,4573.0
2019-06-22,16,5477.0
2019-06-22,20,4612.0
2019-06-23,0,2921.0
2019-06-23,4,892.0
2019-06-23,8,2826.0
2019-06-23,12,3877.0
2019-06-23,16,4657.0
2019-06-23,20,3361.0
2019-06-24,0,937.0
2019-06-24,4,1195.0
2019-06-24,8,4317.0
2019-06-24,12,4030.0
2019-06-24,16,5213.0
2019-06-24,20,2845.0
2019-06-25,0,796.0
2019-06-25,4,1379.0
2019-06-25,8,4118.0
2019-06-25,12,4349.0
2019-06-25,16,5528.0
2019-06-25,20,3066.0
2019-06-26,0,809.0
2019-06-26,4,1202.0
2019-06-26,8,4595.0
2019-06-26,12,4426.0
2019-06-26,16,5755.0
2019-06-26,20,3483.0
2019-06-27,0,896.0
2019-06-27,4,1118.0
2019-06-27,8,4223.0
2019-06-27,12,4339.0
2019-06-27,16,5639.0
2019-06-27,20,3776.0
2019-06-28,0,1511.0
2019-06-28,4,1218.0
2019-06-28,8,4237.0
2019-06-28,12,4343.0
2019-06-28,16,6586.0
2019-06-28,20,4597.0
2019-06-29,0,2904.0
2019-06-29,4,1107.0
2019-06-29,8,3077.0
2019-06-29,12,4507.0
2019-06-29,16,5269.0
2019-06-29,20,4319.0
2019-06-30,0,2657.0
2019-06-30,4,962.0
2019-06-30,8,2743.0
2019-06-30,12,3791.0
2019-06-30,16,3953.0
2019-06-30,20,3207.0
2019-07-01,0,1142.0
2019-07-01,4,1161.0
2019-07-01,8,3882.0
2019-07-01,12,3771.0
2019-07-01,16,5114.0
2019-07-01,20,2795.0
2019-07-02,0,745.0
2019-07-02,4,1012.0
2019-07-02,8,3917.0
2019-07-02,12,3839.0
2019-07-02,16,5147.0
2019-07-02,20,2994.0
2019-07-03,0,981.0
2019-07-03,4,973.0
2019-07-03,8,3860.0
2019-07-03,12,4307.0
2019-07-03,16,5149.0
2019-07-03,20,3462.0
2019-07-04,0,1534.0
2019-07-04,4,579.0
2019-07-04,8,1464.0
2019-07-04,12,2692.0
2019-07-04,16,3211.0
2019-07-04,20,3054.0
2019-07-05,0,1711.0
2019-07-05,4,831.0
2019-07-05,8,2955.0
2019-07-05,12,3451.0
2019-07-05,16,4686.0
2019-07-05,20,3426.0
2019-07-06,0,1846.0
2019-07-06,4,750.0
2019-07-06,8,2676.0
2019-07-06,12,3880.0
2019-07-06,16,4314.0
2019-07-06,20,3719.0
2019-07-07,0,2260.0
2019-07-07,4,798.0
2019-07-07,8,2552.0
2019-07-07,12,3699.0
2019-07-07,16,3887.0
2019-07-07,20,2722.0
2019-07-08,0,806.0
2019-07-08,4,1075.0
2019-07-08,8,3890.0
2019-07-08,12,3594.0
2019-07-08,16,4699.0
2019-07-08,20,2626.0
2019-07-09,0,583.0
2019-07-09,4,996.0
2019-07-09,8,3805.0
2019-07-09,12,3913.0
2019-07-09,16,5159.0
2019-07-09,20,2966.0
2019-07-10,0,711.0
2019-07-10,4,1136.0
2019-07-10,8,3867.0
2019-07-10,12,4081.0
2019-07-10,16,5221.0
2019-07-10,20,3201.0
2019-07-11,0,884.0
2019-07-11,4,1159.0
2019-07-11,8,3922.0
2019-07-11,12,4568.0
2019-07-11,16,5910.0
2019-07-11,20,3701.0
2019-07-12,0,1066.0
2019-07-12,4,1086.0
2019-07-12,8,3843.0
2019-07-12,12,3977.0
2019-07-12,16,5723.0
2019-07-12,20,4346.0
2019-07-13,0,2448.0
2019-07-13,4,1064.0
2019-07-13,8,3066.0
2019-07-13,12,4326.0
2019-07-13,16,5683.0
2019-07-13,20,4886.0
2019-07-14,0,2884.0
2019-07-14,4,918.0
2019-07-14,8,2633.0
2019-07-14,12,3850.0
2019-07-14,16,3971.0
2019-07-14,20,2829.0
2019-07-15,0,762.0
2019-07-15,4,1102.0
2019-07-15,8,3744.0
2019-07-15,12,3635.0
2019-07-15,16,4901.0
2019-07-15,20,2593.0
2019-07-16,0,684.0
2019-07-16,4,1048.0
2019-07-16,8,4008.0
2019-07-16,12,3862.0
2019-07-16,16,5018.0
2019-07-16,20,3029.0
2019-07-17,0,814.0
2019-07-17,4,1073.0
2019-07-17,8,4275.0
2019-07-17,12,4192.0
2019-07-17,16,5433.0
2019-07-17,20,4045.0
2019-07-18,0,683.0
2019-07-18,4,1107.0
2019-07-18,8,4139.0
2019-07-18,12,3879.0
2019-07-18,16,5577.0
2019-07-18,20,3371.0
2019-07-19,0,1171.0
2019-07-19,4,1174.0
2019-07-19,8,3892.0
2019-07-19,12,4023.0
2019-07-19,16,6552.0
2019-07-19,20,4474.0
2019-07-20,0,2530.0
2019-07-20,4,999.0
2019-07-20,8,2893.0
2019-07-20,12,3734.0
2019-07-20,16,4354.0
2019-07-20,20,4087.0
2019-07-21,0,2622.0
2019-07-21,4,811.0
2019-07-21,8,2353.0
2019-07-21,12,3681.0
2019-07-21,16,3840.0
2019-07-21,20,2798.0
2019-07-22,0,814.0
2019-07-22,4,1047.0
2019-07-22,8,3680.0
2019-07-22,12,3660.0
2019-07-22,16,5645.0
2019-07-22,20,2625.0
2019-07-23,0,681.0
2019-07-23,4,976.0
2019-07-23,8,3526.0
2019-07-23,12,3486.0
2019-07-23,16,4768.0
2019-07-23,20,2839.0
2019-07-24,0,745.0
2019-07-24,4,941.0
2019-07-24,8,3626.0
2019-07-24,12,3687.0
2019-07-24,16,4937.0
2019-07-24,20,3370.0
2019-07-25,0,935.0
2019-07-25,4,1203.0
2019-07-25,8,3919.0
2019-07-25,12,3951.0
2019-07-25,16,5227.0
2019-07-25,20,3254.0
2019-07-26,0,1189.0
2019-07-26,4,1149.0
2019-07-26,8,3692.0
2019-07-26,12,3646.0
2019-07-26,16,5477.0
2019-07-26,20,4159.0
2019-07-27,0,2472.0
2019-07-27,4,950.0
2019-07-27,8,2754.0
2019-07-27,12,3816.0
2019-07-27,16,4500.0
2019-07-27,20,4080.0
2019-07-28,0,2635.0
2019-07-28,4,849.0
2019-07-28,8,2307.0
2019-07-28,12,3556.0
2019-07-28,16,4026.0
2019-07-28,20,2746.0
2019-07-29,0,742.0
2019-07-29,4,974.0
2019-07-29,8,3543.0
2019-07-29,12,3573.0
2019-07-29,16,4491.0
2019-07-29,20,2529.0
2019-07-30,0,725.0
2019-07-30,4,1069.0
2019-07-30,8,3880.0
2019-07-30,12,3692.0
2019-07-30,16,4782.0
2019-07-30,20,2803.0
2019-07-31,0,687.0
2019-07-31,4,1103.0
2019-07-31,8,3963.0
2019-07-31,12,4157.0
2019-07-31,16,4757.0
2019-07-31,20,2853.0
2019-08-01,0,838.0
2019-08-01,4,1066.0
2019-08-01,8,4048.0
2019-08-01,12,4027.0
2019-08-01,16,5150.0
2019-08-01,20,3513.0
2019-08-02,0,1114.0
2019-08-02,4,1085.0
2019-08-02,8,4122.0
2019-08-02,12,3735.0
2019-08-02,16,5581.0
2019-08-02,20,3927.0
2019-08-03,0,2238.0
2019-08-03,4,991.0
2019-08-03,8,2904.0
2019-08-03,12,3828.0
2019-08-03,16,4590.0
2019-08-03,20,4084.0
2019-08-04,0,2363.0
2019-08-04,4,886.0
2019-08-04,8,2264.0
2019-08-04,12,3470.0
2019-08-04,16,4006.0
2019-08-04,20,2885.0
2019-08-05,0,731.0
2019-08-05,4,1070.0
2019-08-05,8,3432.0
2019-08-05,12,3688.0
2019-08-05,16,4555.0
2019-08-05,20,2464.0
2019-08-06,0,729.0
2019-08-06,4,1036.0
2019-08-06,8,3780.0
2019-08-06,12,3567.0
2019-08-06,16,4843.0
2019-08-06,20,2731.0
2019-08-07,0,730.0
2019-08-07,4,989.0
2019-08-07,8,3855.0
2019-08-07,12,3904.0
2019-08-07,16,5119.0
2019-08-07,20,2544.0
2019-08-08,0,717.0
2019-08-08,4,999.0
2019-08-08,8,4042.0
2019-08-08,12,3934.0
2019-08-08,16,4875.0
2019-08-08,20,3373.0
2019-08-09,0,1223.0
2019-08-09,4,985.0
2019-08-09,8,3345.0
2019-08-09,12,3627.0
2019-08-09,16,5245.0
2019-08-09,20,3907.0
2019-08-10,0,2358.0
2019-08-10,4,955.0
2019-08-10,8,2263.0
2019-08-10,12,3519.0
2019-08-10,16,4282.0
2019-08-10,20,3521.0
2019-08-11,0,2277.0
2019-08-11,4,635.0
2019-08-11,8,1561.0
2019-08-11,12,2210.0
2019-08-11,16,2695.0
2019-08-11,20,2073.0
2019-08-12,0,659.0
2019-08-12,4,851.0
2019-08-12,8,2980.0
2019-08-12,12,2927.0
2019-08-12,16,3810.0
2019-08-12,20,2378.0
2019-08-13,0,670.0
2019-08-13,4,902.0
2019-08-13,8,3263.0
2019-08-13,12,3315.0
2019-08-13,16,4275.0
2019-08-13,20,2502.0
2019-08-14,0,667.0
2019-08-14,4,813.0
2019-08-14,8,3391.0
2019-08-14,12,3508.0
2019-08-14,16,4283.0
2019-08-14,20,2835.0
2019-08-15,0,757.0
2019-08-15,4,912.0
2019-08-15,8,3432.0
2019-08-15,12,3615.0
2019-08-15,16,4791.0
2019-08-15,20,3118.0
2019-08-16,0,1102.0
2019-08-16,4,916.0
2019-08-16,8,3204.0
2019-08-16,12,3177.0
2019-08-16,16,5018.0
2019-08-16,20,3561.0
2019-08-17,0,2181.0
2019-08-17,4,855.0
2019-08-17,8,2325.0
2019-08-17,12,3704.0
2019-08-17,16,4345.0
2019-08-17,20,3833.0
2019-08-18,0,2459.0
2019-08-18,4,802.0
2019-08-18,8,2233.0
2019-08-18,12,3460.0
2019-08-18,16,3997.0
2019-08-18,20,2281.0
2019-08-19,0,776.0
2019-08-19,4,860.0
2019-08-19,8,3251.0
2019-08-19,12,3299.0
2019-08-19,16,3978.0
2019-08-19,20,2235.0
2019-08-20,0,683.0
2019-08-20,4,895.0
2019-08-20,8,3399.0
2019-08-20,12,3380.0
2019-08-20,16,4158.0
2019-08-20,20,2737.0
2019-08-21,0,735.0
2019-08-21,4,863.0
2019-08-21,8,3363.0
2019-08-21,12,3261.0
2019-08-21,16,4648.0
2019-08-21,20,2775.0
2019-08-22,0,743.0
2019-08-22,4,813.0
2019-08-22,8,3363.0
2019-08-22,12,3577.0
2019-08-22,16,4500.0
2019-08-22,20,3576.0
2019-08-23,0,979.0
2019-08-23,4,928.0
2019-08-23,8,3248.0
2019-08-23,12,3328.0
2019-08-23,16,4772.0
2019-08-23,20,3735.0
2019-08-24,0,2166.0
2019-08-24,4,872.0
2019-08-24,8,2229.0
2019-08-24,12,3619.0
2019-08-24,16,4110.0
2019-08-24,20,3645.0
2019-08-25,0,2199.0
2019-08-25,4,883.0
2019-08-25,8,2059.0
2019-08-25,12,2958.0
2019-08-25,16,3339.0
2019-08-25,20,2436.0
2019-08-26,0,683.0
2019-08-26,4,982.0
2019-08-26,8,3144.0
2019-08-26,12,3218.0
2019-08-26,16,4069.0
2019-08-26,20,2515.0
2019-08-27,0,663.0
2019-08-27,4,874.0
2019-08-27,8,3137.0
2019-08-27,12,3035.0
2019-08-27,16,4271.0
2019-08-27,20,2720.0
2019-08-28,0,698.0
2019-08-28,4,798.0
2019-08-28,8,3225.0
2019-08-28,12,3537.0
2019-08-28,16,4554.0
2019-08-28,20,2920.0
2019-08-29,0,783.0
2019-08-29,4,908.0
2019-08-29,8,3241.0
2019-08-29,12,3319.0
2019-08-29,16,4821.0
2019-08-29,20,3237.0
2019-08-30,0,1136.0
2019-08-30,4,874.0
2019-08-30,8,3261.0
2019-08-30,12,3480.0
2019-08-30,16,5005.0
2019-08-30,20,3886.0
2019-08-31,0,2071.0
2019-08-31,4,857.0
2019-08-31,8,2262.0
2019-08-31,12,3334.0
2019-08-31,16,4136.0
2019-08-31,20,3825.0
2019-09-01,0,2168.0
2019-09-01,4,696.0
2019-09-01,8,2007.0
2019-09-01,12,3132.0
2019-09-01,16,3623.0
2019-09-01,20,3048.0
2019-09-02,0,1363.0
2019-09-02,4,559.0
2019-09-02,8,1627.0
2019-09-02,12,2889.0
2019-09-02,16,3179.0
2019-09-02,20,2221.0
2019-09-03,0,760.0
2019-09-03,4,981.0
2019-09-03,8,3507.0
2019-09-03,12,3525.0
2019-09-03,16,4513.0
2019-09-03,20,2773.0
2019-09-04,0,752.0
2019-09-04,4,862.0
2019-09-04,8,3612.0
2019-09-04,12,3804.0
2019-09-04,16,4833.0
2019-09-04,20,2820.0
2019-09-05,0,918.0
2019-09-05,4,1009.0
2019-09-05,8,3544.0
2019-09-05,12,3572.0
2019-09-05,16,4586.0
2019-09-05,20,3533.0
2019-09-06,0,971.0
2019-09-06,4,1118.0
2019-09-06,8,3486.0
2019-09-06,12,3761.0
2019-09-06,16,5225.0
2019-09-06,20,3792.0
2019-09-07,0,2031.0
2019-09-07,4,807.0
2019-09-07,8,2536.0
2019-09-07,12,3817.0
2019-09-07,16,4707.0
2019-09-07,20,4099.0
2019-09-08,0,2658.0
2019-09-08,4,841.0
2019-09-08,8,2117.0
2019-09-08,12,3435.0
2019-09-08,16,3667.0
2019-09-08,20,2513.0
2019-09-09,0,669.0
2019-09-09,4,1009.0
2019-09-09,8,3345.0
2019-09-09,12,3397.0
2019-09-09,16,4267.0
2019-09-09,20,2288.0
2019-09-10,0,622.0
2019-09-10,4,891.0
2019-09-10,8,3441.0
2019-09-10,12,3582.0
2019-09-10,16,4393.0
2019-09-10,20,2631.0
2019-09-11,0,685.0
2019-09-11,4,1037.0
2019-09-11,8,3634.0
2019-09-11,12,3634.0
2019-09-11,16,4776.0
2019-09-11,20,3066.0
2019-09-12,0,731.0
2019-09-12,4,1013.0
2019-09-12,8,3782.0
2019-09-12,12,3933.0
2019-09-12,16,5372.0
2019-09-12,20,3620.0
2019-09-13,0,903.0
2019-09-13,4,1109.0
2019-09-13,8,3460.0
2019-09-13,12,3492.0
2019-09-13,16,5164.0
2019-09-13,20,4316.0
2019-09-14,0,2288.0
2019-09-14,4,943.0
2019-09-14,8,2784.0
2019-09-14,12,3874.0
2019-09-14,16,4444.0
2019-09-14,20,3973.0
2019-09-15,0,2484.0
2019-09-15,4,820.0
2019-09-15,8,2447.0
2019-09-15,12,3331.0
2019-09-15,16,3479.0
2019-09-15,20,2507.0
2019-09-16,0,772.0
2019-09-16,4,1077.0
2019-09-16,8,3498.0
2019-09-16,12,3560.0
2019-09-16,16,4585.0
2019-09-16,20,2229.0
2019-09-17,0,591.0
2019-09-17,4,1005.0
2019-09-17,8,3362.0
2019-09-17,12,3516.0
2019-09-17,16,4443.0
2019-09-17,20,2698.0
2019-09-18,0,644.0
2019-09-18,4,1023.0
2019-09-18,8,3512.0
2019-09-18,12,3609.0
2019-09-18,16,4738.0
2019-09-18,20,3105.0
2019-09-19,0,854.0
2019-09-19,4,1027.0
2019-09-19,8,3427.0
2019-09-19,12,3911.0
2019-09-19,16,4922.0
2019-09-19,20,3357.0
2019-09-20,0,1066.0
2019-09-20,4,1056.0
2019-09-20,8,3578.0
2019-09-20,12,3430.0
2019-09-20,16,5265.0
2019-09-20,20,4231.0
2019-09-21,0,2469.0
2019-09-21,4,957.0
2019-09-21,8,2997.0
2019-09-21,12,4046.0
2019-09-21,16,4829.0
2019-09-21,20,4148.0
2019-09-22,0,2608.0
2019-09-22,4,804.0
2019-09-22,8,2351.0
2019-09-22,12,3520.0
2019-09-22,16,3700.0
2019-09-22,20,2523.0
2019-09-23,0,769.0
2019-09-23,4,1049.0
2019-09-23,8,3792.0
2019-09-23,12,3351.0
2019-09-23,16,4418.0
2019-09-23,20,2472.0
2019-09-24,0,591.0
2019-09-24,4,882.0
2019-09-24,8,3659.0
2019-09-24,12,3331.0
2019-09-24,16,4444.0
2019-09-24,20,2764.0
2019-09-25,0,730.0
2019-09-25,4,1012.0
2019-09-25,8,3513.0
2019-09-25,12,3686.0
2019-09-25,16,4662.0
2019-09-25,20,3098.0
2019-09-26,0,742.0
2019-09-26,4,1027.0
2019-09-26,8,3677.0
2019-09-26,12,3874.0
2019-09-26,16,5072.0
2019-09-26,20,3225.0
2019-09-27,0,1050.0
2019-09-27,4,1078.0
2019-09-27,8,3391.0
2019-09-27,12,3406.0
2019-09-27,16,5512.0
2019-09-27,20,4070.0
2019-09-28,0,2209.0
2019-09-28,4,785.0
2019-09-28,8,2532.0
2019-09-28,12,3779.0
2019-09-28,16,4418.0
2019-09-28,20,3842.0
2019-09-29,0,2415.0
2019-09-29,4,853.0
2019-09-29,8,2110.0
2019-09-29,12,2927.0
2019-09-29,16,3434.0
2019-09-29,20,2401.0
2019-09-30,0,644.0
2019-09-30,4,932.0
2019-09-30,8,3111.0
2019-09-30,12,3154.0
2019-09-30,16,3874.0
2019-09-30,20,2067.0
2019-10-01,0,621.0
2019-10-01,4,906.0
2019-10-01,8,3273.0
2019-10-01,12,3537.0
2019-10-01,16,4303.0
2019-10-01,20,2474.0
2019-10-02,0,657.0
2019-10-02,4,916.0
2019-10-02,8,3768.0
2019-10-02,12,3691.0
2019-10-02,16,4959.0
2019-10-02,20,2841.0
2019-10-03,0,828.0
2019-10-03,4,977.0
2019-10-03,8,3971.0
2019-10-03,12,3966.0
2019-10-03,16,5052.0
2019-10-03,20,3218.0
2019-10-04,0,892.0
2019-10-04,4,1037.0
2019-10-04,8,3561.0
2019-10-04,12,3354.0
2019-10-04,16,5435.0
2019-10-04,20,4418.0
2019-10-05,0,2162.0
2019-10-05,4,804.0
2019-10-05,8,2709.0
2019-10-05,12,3997.0
2019-10-05,16,4790.0
2019-10-05,20,3912.0
2019-10-06,0,2177.0
2019-10-06,4,764.0
2019-10-06,8,2502.0
2019-10-06,12,3638.0
2019-10-06,16,3660.0
2019-10-06,20,2189.0
2019-10-07,0,582.0
2019-10-07,4,1025.0
2019-10-07,8,3396.0
2019-10-07,12,3410.0
2019-10-07,16,4224.0
2019-10-07,20,2586.0
2019-10-08,0,562.0
2019-10-08,4,884.0
2019-10-08,8,3869.0
2019-10-08,12,3511.0
2019-10-08,16,4386.0
2019-10-08,20,2698.0
2019-10-09,0,684.0
2019-10-09,4,724.0
2019-10-09,8,3146.0
2019-10-09,12,3135.0
2019-10-09,16,4391.0
2019-10-09,20,2646.0
2019-10-10,0,650.0
2019-10-10,4,840.0
2019-10-10,8,3204.0
2019-10-10,12,3285.0
2019-10-10,16,4802.0
2019-10-10,20,3382.0
2019-10-11,0,1048.0
2019-10-11,4,969.0
2019-10-11,8,3301.0
2019-10-11,12,3104.0
2019-10-11,16,5084.0
2019-10-11,20,3894.0
2019-10-12,0,2186.0
2019-10-12,4,808.0
2019-10-12,8,2355.0
2019-10-12,12,3526.0
2019-10-12,16,4437.0
2019-10-12,20,3831.0
2019-10-13,0,2198.0
2019-10-13,4,748.0
2019-10-13,8,1833.0
2019-10-13,12,3106.0
2019-10-13,16,3651.0
2019-10-13,20,2704.0
2019-10-14,0,851.0
2019-10-14,4,636.0
2019-10-14,8,2135.0
2019-10-14,12,2667.0
2019-10-14,16,3498.0
2019-10-14,20,1897.0
2019-10-15,0,543.0
2019-10-15,4,806.0
2019-10-15,8,3385.0
2019-10-15,12,3004.0
2019-10-15,16,4297.0
2019-10-15,20,2822.0
2019-10-16,0,670.0
2019-10-16,4,863.0
2019-10-16,8,3238.0
2019-10-16,12,4033.0
2019-10-16,16,5321.0
2019-10-16,20,3022.0
2019-10-17,0,500.0
2019-10-17,4,913.0
2019-10-17,8,3743.0
2019-10-17,12,3859.0
2019-10-17,16,4973.0
2019-10-17,20,3303.0
2019-10-18,0,999.0
2019-10-18,4,1024.0
2019-10-18,8,3639.0
2019-10-18,12,3353.0
2019-10-18,16,5109.0
2019-10-18,20,4048.0
2019-10-19,0,1999.0
2019-10-19,4,746.0
2019-10-19,8,2536.0
2019-10-19,12,3753.0
2019-10-19,16,4572.0
2019-10-19,20,3847.0
2019-10-20,0,2290.0
2019-10-20,4,729.0
2019-10-20,8,1935.0
2019-10-20,12,3791.0
2019-10-20,16,3465.0
2019-10-20,20,2093.0
2019-10-21,0,497.0
2019-10-21,4,787.0
2019-10-21,8,3125.0
2019-10-21,12,3196.0
2019-10-21,16,4090.0
2019-10-21,20,2294.0
2019-10-22,0,600.0
2019-10-22,4,760.0
2019-10-22,8,3221.0
2019-10-22,12,3043.0
2019-10-22,16,4397.0
2019-10-22,20,2778.0
2019-10-23,0,533.0
2019-10-23,4,753.0
2019-10-23,8,3087.0
2019-10-23,12,3079.0
2019-10-23,16,4306.0
2019-10-23,20,3024.0
2019-10-24,0,760.0
2019-10-24,4,860.0
2019-10-24,8,3165.0
2019-10-24,12,3306.0
2019-10-24,16,4616.0
2019-10-24,20,3124.0
2019-10-25,0,933.0
2019-10-25,4,925.0
2019-10-25,8,3247.0
2019-10-25,12,3014.0
2019-10-25,16,5099.0
2019-10-25,20,3865.0
2019-10-26,0,2087.0
2019-10-26,4,848.0
2019-10-26,8,2486.0
2019-10-26,12,3708.0
2019-10-26,16,4392.0
2019-10-26,20,3924.0
2019-10-27,0,2464.0
2019-10-27,4,864.0
2019-10-27,8,1934.0
2019-10-27,12,2832.0
2019-10-27,16,3109.0
2019-10-27,20,2002.0
2019-10-28,0,593.0
2019-10-28,4,815.0
2019-10-28,8,3010.0
2019-10-28,12,2996.0
2019-10-28,16,4164.0
2019-10-28,20,2284.0
2019-10-29,0,562.0
2019-10-29,4,896.0
2019-10-29,8,3191.0
2019-10-29,12,3324.0
2019-10-29,16,4339.0
2019-10-29,20,2528.0
2019-10-30,0,567.0
2019-10-30,4,835.0
2019-10-30,8,3267.0
2019-10-30,12,3187.0
2019-10-30,16,4394.0
2019-10-30,20,2785.0
2019-10-31,0,767.0
2019-10-31,4,788.0
2019-10-31,8,3365.0
2019-10-31,12,3410.0
2019-10-31,16,4466.0
2019-10-31,20,2958.0
2019-11-01,0,1375.0
2019-11-01,4,996.0
2019-11-01,8,3387.0
2019-11-01,12,3151.0
2019-11-01,16,5068.0
2019-11-01,20,4184.0
2019-11-02,0,2156.0
2019-11-02,4,725.0
2019-11-02,8,2467.0
2019-11-02,12,3697.0
2019-11-02,16,4403.0
2019-11-02,20,3857.0
2019-11-03,0,2786.0
2019-11-03,4,745.0
2019-11-03,8,1836.0
2019-11-03,12,2970.0
2019-11-03,16,2979.0
2019-11-03,20,1996.0
2019-11-04,0,575.0
2019-11-04,4,1049.0
2019-11-04,8,3239.0
2019-11-04,12,3039.0
2019-11-04,16,4268.0
2019-11-04,20,2254.0
2019-11-05,0,545.0
2019-11-05,4,938.0
2019-11-05,8,2983.0
2019-11-05,12,3132.0
2019-11-05,16,3995.0
2019-11-05,20,2287.0
2019-11-06,0,580.0
2019-11-06,4,966.0
2019-11-06,8,3215.0
2019-11-06,12,3293.0
2019-11-06,16,4434.0
2019-11-06,20,2609.0
2019-11-07,0,692.0
2019-11-07,4,966.0
2019-11-07,8,3336.0
2019-11-07,12,3513.0
2019-11-07,16,4947.0
2019-11-07,20,3090.0
2019-11-08,0,1005.0
2019-11-08,4,874.0
2019-11-08,8,3417.0
2019-11-08,12,3289.0
2019-11-08,16,5191.0
2019-11-08,20,4025.0
2019-11-09,0,2006.0
2019-11-09,4,757.0
2019-11-09,8,2534.0
2019-11-09,12,3707.0
2019-11-09,16,4523.0
2019-11-09,20,3764.0
2019-11-10,0,2106.0
2019-11-10,4,725.0
2019-11-10,8,2070.0
2019-11-10,12,3244.0
2019-11-10,16,3452.0
2019-11-10,20,2125.0
2019-11-11,0,748.0
2019-11-11,4,651.0
2019-11-11,8,2586.0
2019-11-11,12,3141.0
2019-11-11,16,3739.0
2019-11-11,20,1911.0
2019-11-12,0,530.0
2019-11-12,4,983.0
2019-11-12,8,3496.0
2019-11-12,12,3235.0
2019-11-12,16,4542.0
2019-11-12,20,2866.0
2019-11-13,0,721.0
2019-11-13,4,946.0
2019-11-13,8,3229.0
2019-11-13,12,3438.0
2019-11-13,16,4393.0
2019-11-13,20,2850.0
2019-11-14,0,686.0
2019-11-14,4,908.0
2019-11-14,8,3209.0
2019-11-14,12,3500.0
2019-11-14,16,4778.0
2019-11-14,20,3032.0
2019-11-15,0,940.0
2019-11-15,4,971.0
2019-11-15,8,3193.0
2019-11-15,12,3051.0
2019-11-15,16,5118.0
2019-11-15,20,3951.0
2019-11-16,0,2165.0
2019-11-16,4,771.0
2019-11-16,8,2370.0
2019-11-16,12,3631.0
2019-11-16,16,4452.0
2019-11-16,20,3919.0
2019-11-17,0,2283.0
2019-11-17,4,689.0
2019-11-17,8,1916.0
2019-11-17,12,3324.0
2019-11-17,16,3305.0
2019-11-17,20,2189.0
2019-11-18,0,554.0
2019-11-18,4,984.0
2019-11-18,8,3243.0
2019-11-18,12,3193.0
2019-11-18,16,4264.0
2019-11-18,20,2496.0
2019-11-19,0,613.0
2019-11-19,4,869.0
2019-11-19,8,3192.0
2019-11-19,12,3021.0
2019-11-19,16,4315.0
2019-11-19,20,2573.0
2019-11-20,0,815.0
2019-11-20,4,876.0
2019-11-20,8,3295.0
2019-11-20,12,3365.0
2019-11-20,16,4550.0
2019-11-20,20,2993.0
2019-11-21,0,798.0
2019-11-21,4,870.0
2019-11-21,8,3386.0
2019-11-21,12,3363.0
2019-11-21,16,4556.0
2019-11-21,20,3143.0
2019-11-22,0,971.0
2019-11-22,4,925.0
2019-11-22,8,3392.0
2019-11-22,12,3335.0
2019-11-22,16,5206.0
2019-11-22,20,3997.0
2019-11-23,0,2009.0
2019-11-23,4,769.0
2019-11-23,8,2345.0
2019-11-23,12,3759.0
2019-11-23,16,4346.0
2019-11-23,20,3838.0
2019-11-24,0,2292.0
2019-11-24,4,724.0
2019-11-24,8,1905.0
2019-11-24,12,3305.0
2019-11-24,16,3162.0
2019-11-24,20,1937.0
2019-11-25,0,633.0
2019-11-25,4,906.0
2019-11-25,8,2917.0
2019-11-25,12,2888.0
2019-11-25,16,4209.0
2019-11-25,20,2609.0
2019-11-26,0,628.0
2019-11-26,4,875.0
2019-11-26,8,3147.0
2019-11-26,12,3424.0
2019-11-26,16,4360.0
2019-11-26,20,2710.0
2019-11-27,0,769.0
2019-11-27,4,823.0
2019-11-27,8,3210.0
2019-11-27,12,3832.0
2019-11-27,16,4674.0
2019-11-27,20,2944.0
2019-11-28,0,1137.0
2019-11-28,4,571.0
2019-11-28,8,1516.0
2019-11-28,12,2716.0
2019-11-28,16,3351.0
2019-11-28,20,2869.0
2019-11-29,0,947.0
2019-11-29,4,520.0
2019-11-29,8,2093.0
2019-11-29,12,2918.0
2019-11-29,16,3884.0
2019-11-29,20,2737.0
2019-11-30,0,1395.0
2019-11-30,4,536.0
2019-11-30,8,2054.0
2019-11-30,12,3589.0
2019-11-30,16,4122.0
2019-11-30,20,3164.0
2019-12-01,0,1714.0
2019-12-01,4,557.0
2019-12-01,8,1950.0
2019-12-01,12,3569.0
2019-12-01,16,3268.0
2019-12-01,20,1602.0
2019-12-02,0,459.0
2019-12-02,4,910.0
2019-12-02,8,3235.0
2019-12-02,12,3372.0
2019-12-02,16,4247.0
2019-12-02,20,2023.0
2019-12-03,0,479.0
2019-12-03,4,841.0
2019-12-03,8,3346.0
2019-12-03,12,3099.0
2019-12-03,16,4441.0
2019-12-03,20,2773.0
2019-12-04,0,594.0
2019-12-04,4,800.0
2019-12-04,8,3167.0
2019-12-04,12,3492.0
2019-12-04,16,4524.0
2019-12-04,20,2901.0
2019-12-05,0,841.0
2019-12-05,4,857.0
2019-12-05,8,3237.0
2019-12-05,12,3496.0
2019-12-05,16,4803.0
2019-12-05,20,3267.0
2019-12-06,0,980.0
2019-12-06,4,899.0
2019-12-06,8,3161.0
2019-12-06,12,3273.0
2019-12-06,16,5310.0
2019-12-06,20,4003.0
2019-12-07,0,2243.0
2019-12-07,4,788.0
2019-12-07,8,2362.0
2019-12-07,12,3906.0
2019-12-07,16,4745.0
2019-12-07,20,4075.0
2019-12-08,0,2461.0
2019-12-08,4,676.0
2019-12-08,8,1832.0
2019-12-08,12,3021.0
2019-12-08,16,3431.0
2019-12-08,20,2149.0
2019-12-09,0,688.0
2019-12-09,4,822.0
2019-12-09,8,3170.0
2019-12-09,12,2868.0
2019-12-09,16,4694.0
2019-12-09,20,2235.0
2019-12-10,0,617.0
2019-12-10,4,772.0
2019-12-10,8,3073.0
2019-12-10,12,3298.0
2019-12-10,16,4274.0
2019-12-10,20,2787.0
2019-12-11,0,673.0
2019-12-11,4,705.0
2019-12-11,8,2988.0
2019-12-11,12,3082.0
2019-12-11,16,4524.0
2019-12-11,20,3024.0
2019-12-12,0,861.0
2019-12-12,4,757.0
2019-12-12,8,3431.0
2019-12-12,12,3234.0
2019-12-12,16,4928.0
2019-12-12,20,3534.0
2019-12-13,0,1071.0
2019-12-13,4,853.0
2019-12-13,8,3153.0
2019-12-13,12,3364.0
2019-12-13,16,5723.0
2019-12-13,20,4359.0
2019-12-14,0,1925.0
2019-12-14,4,628.0
2019-12-14,8,2366.0
2019-12-14,12,3898.0
2019-12-14,16,4670.0
2019-12-14,20,3843.0
2019-12-15,0,2360.0
2019-12-15,4,677.0
2019-12-15,8,1843.0
2019-12-15,12,3465.0
2019-12-15,16,3687.0
2019-12-15,20,2338.0
2019-12-16,0,547.0
2019-12-16,4,827.0
2019-12-16,8,3216.0
2019-12-16,12,3035.0
2019-12-16,16,4386.0
2019-12-16,20,2744.0
2019-12-17,0,556.0
2019-12-17,4,792.0
2019-12-17,8,3317.0
2019-12-17,12,3400.0
2019-12-17,16,4409.0
2019-12-17,20,2682.0
2019-12-18,0,664.0
2019-12-18,4,766.0
2019-12-18,8,2961.0
2019-12-18,12,3306.0
2019-12-18,16,4534.0
2019-12-18,20,3078.0
2019-12-19,0,835.0
2019-12-19,4,844.0
2019-12-19,8,3402.0
2019-12-19,12,3445.0
2019-12-19,16,5053.0
2019-12-19,20,3656.0
2019-12-20,0,963.0
2019-12-20,4,868.0
2019-12-20,8,3118.0
2019-12-20,12,3210.0
2019-12-20,16,5089.0
2019-12-20,20,4008.0
2019-12-21,0,2012.0
2019-12-21,4,695.0
2019-12-21,8,2087.0
2019-12-21,12,3478.0
2019-12-21,16,4043.0
2019-12-21,20,3427.0
2019-12-22,0,1753.0
2019-12-22,4,610.0
2019-12-22,8,1597.0
2019-12-22,12,2904.0
2019-12-22,16,3246.0
2019-12-22,20,2119.0
2019-12-23,0,572.0
2019-12-23,4,559.0
2019-12-23,8,2555.0
2019-12-23,12,3176.0
2019-12-23,16,4315.0
2019-12-23,20,2720.0
2019-12-24,0,755.0
2019-12-24,4,471.0
2019-12-24,8,2216.0
2019-12-24,12,3598.0
2019-12-24,16,4404.0
2019-12-24,20,2841.0
2019-12-25,0,1089.0
2019-12-25,4,364.0
2019-12-25,8,841.0
2019-12-25,12,1715.0
2019-12-25,16,2118.0
2019-12-25,20,1854.0
2019-12-26,0,504.0
2019-12-26,4,401.0
2019-12-26,8,1926.0
2019-12-26,12,2935.0
2019-12-26,16,3503.0
2019-12-26,20,2099.0
2019-12-27,0,639.0
2019-12-27,4,495.0
2019-12-27,8,2071.0
2019-12-27,12,2746.0
2019-12-27,16,3883.0
2019-12-27,20,2621.0
2019-12-28,0,1448.0
2019-12-28,4,551.0
2019-12-28,8,1779.0
2019-12-28,12,3006.0
2019-12-28,16,3499.0
2019-12-28,20,2871.0
2019-12-29,0,1700.0
2019-12-29,4,607.0
2019-12-29,8,1344.0
2019-12-29,12,2637.0
2019-12-29,16,3055.0
2019-12-29,20,1897.0
2019-12-30,0,605.0
2019-12-30,4,484.0
2019-12-30,8,2437.0
2019-12-30,12,3135.0
2019-12-30,16,4240.0
2019-12-30,20,2170.0
2019-12-31,0,831.0
2019-12-31,4,516.0
2019-12-31,8,2153.0
2019-12-31,12,3451.0
2019-12-31,16,4469.0
2019-12-31,20,4268.0
